Hardness (HVN),IM,Ag,Al,B,C,Ca,Co,Cr,Cu,Fe,Ga,Ge,Hf,Li,Mg,Mn,Mo,N,Nb,Nd,Ni,Pd,Re,Sc,Si,Sn,Ta,Ti,V,W,Y,Zn,Zr
520,1,0,0.034,0,0,0,0.256,0.171,0,0.171,0,0,0,0,0,0,0,0,0,0,0.256,0,0,0,0.017,0,0,0.094,0,0,0,0,0
640,1,0,0.033,0,0,0,0.244,0.163,0,0.163,0,0,0,0,0,0,0,0,0,0,0.244,0,0,0,0.049,0,0,0.106,0,0,0,0,0
770,1,0,0.031,0,0,0,0.233,0.155,0,0.155,0,0,0,0,0,0,0,0,0,0,0.233,0,0,0,0.078,0,0,0.116,0,0,0,0,0
125,0,0,0,0,0,0,0.333,0,0,0.333,0,0,0,0,0,0,0,0,0,0,0.333,0,0,0,0,0,0,0,0,0,0,0,0
149,0,0,0,0,0,0,0.308,0,0,0.308,0,0,0,0,0,0,0,0,0,0,0.308,0,0,0,0.077,0,0,0,0,0,0,0,0
287,1,0,0,0,0,0,0.286,0,0,0.286,0,0,0,0,0,0,0,0,0,0,0.286,0,0,0,0.143,0,0,0,0,0,0,0,0
570,1,0,0,0,0,0,0.267,0,0,0.267,0,0,0,0,0,0,0,0,0,0,0.267,0,0,0,0.2,0,0,0,0,0,0,0,0
138,0,0,0.077,0,0,0,0.308,0,0,0.308,0,0,0,0,0,0,0,0,0,0,0.308,0,0,0,0,0,0,0,0,0,0,0,0
212,0,0,0.143,0,0,0,0.286,0,0,0.286,0,0,0,0,0,0,0,0,0,0,0.286,0,0,0,0,0,0,0,0,0,0,0,0
385,0,0,0.2,0,0,0,0.267,0,0,0.267,0,0,0,0,0,0,0,0,0,0,0.267,0,0,0,0,0,0,0,0,0,0,0,0
624,1,0,0.175,0,0,0,0.075,0.25,0,0.25,0,0,0,0,0,0,0,0,0,0,0.25,0,0,0,0,0,0,0,0,0,0,0,0
569,0,0,0.196,0,0,0,0.196,0.196,0,0.196,0,0,0,0,0,0,0,0,0.02,0,0.196,0,0,0,0,0,0,0,0,0,0,0,0
668,1,0,0.19,0,0,0,0.19,0.19,0,0.19,0,0,0,0,0,0,0,0,0.048,0,0.19,0,0,0,0,0,0,0,0,0,0,0,0
747,1,0,0.182,0,0,0,0.182,0.182,0,0.182,0,0,0,0,0,0,0,0,0.091,0,0.182,0,0,0,0,0,0,0,0,0,0,0,0
178,0,0,0.182,0,0,0,0.182,0.182,0,0.182,0,0,0,0,0,0,0,0,0,0,0.182,0,0,0,0,0,0,0.091,0,0,0,0,0
643,0,0,0.286,0,0,0,0.143,0.143,0,0.143,0,0,0,0,0,0,0,0,0,0,0.143,0,0,0,0,0,0,0.143,0,0,0,0,0
144,0,0,0,0,0,0,0.2,0.2,0,0.2,0,0,0,0,0,0.2,0,0,0,0,0.2,0,0,0,0,0,0,0,0,0,0,0,0
151,0,0,0,0,0,0,0.19,0.19,0,0.19,0,0,0,0,0,0.19,0,0,0,0,0.19,0,0,0,0,0,0,0,0.048,0,0,0,0
186,0,0,0,0,0,0,0.182,0.182,0,0.182,0,0,0,0,0,0.182,0,0,0,0,0.182,0,0,0,0,0,0,0,0.091,0,0,0,0
342,1,0,0,0,0,0,0.174,0.174,0,0.174,0,0,0,0,0,0.174,0,0,0,0,0.174,0,0,0,0,0,0,0,0.13,0,0,0,0
650,1,0,0,0,0,0,0.167,0.167,0,0.167,0,0,0,0,0,0.167,0,0,0,0,0.167,0,0,0,0,0,0,0,0.167,0,0,0,0
472,0,0,0.25,0,0,0,0,0.25,0,0.25,0,0,0,0,0,0,0,0,0,0,0.25,0,0,0,0,0,0,0,0,0,0,0,0
549,0,0,0.238,0,0,0,0,0.238,0,0.238,0,0,0,0,0,0,0.048,0,0,0,0.238,0,0,0,0,0,0,0,0,0,0,0,0
622,0,0,0.222,0,0,0,0,0.222,0,0.222,0,0,0,0,0,0,0.111,0,0,0,0.222,0,0,0,0,0,0,0,0,0,0,0,0
854,1,0,0.208,0,0,0,0,0.208,0,0.208,0,0,0,0,0,0,0.167,0,0,0,0.208,0,0,0,0,0,0,0,0,0,0,0,0
132,0,0,0,0,0,0,0.2,0.2,0.2,0.2,0,0,0,0,0,0,0,0,0,0,0.2,0,0,0,0,0,0,0,0,0,0,0,0
210,0,0,0.091,0,0,0,0.182,0.182,0.182,0.182,0,0,0,0,0,0,0,0,0,0,0.182,0,0,0,0,0,0,0,0,0,0,0,0
406,0,0,0.167,0,0,0,0.167,0.167,0.167,0.167,0,0,0,0,0,0,0,0,0,0,0.167,0,0,0,0,0,0,0,0,0,0,0,0
560,0,0,0.286,0,0,0,0.143,0.143,0.143,0.143,0,0,0,0,0,0,0,0,0,0,0.143,0,0,0,0,0,0,0,0,0,0,0,0
456,0,0,0.25,0,0,0,0.25,0,0,0.25,0,0,0,0,0,0,0,0,0,0,0.25,0,0,0,0,0,0,0,0,0,0,0,0
516,0,0,0.225,0,0,0,0,0,0.2,0.15,0,0,0,0,0,0,0,0,0,0,0.2,0,0,0,0,0,0,0.225,0,0,0,0,0
516,0,0,0.225,0,0,0,0,0,0.2,0.15,0,0,0,0,0,0,0,0,0,0,0.2,0,0,0,0,0,0,0.225,0,0,0,0,0
516,0,0,0.2,0,0,0,0,0,0.2,0.2,0,0,0,0,0,0,0,0,0,0,0.2,0,0,0,0,0,0,0.2,0,0,0,0,0
537,0,0,0.25,0,0,0,0,0,0.25,0,0,0,0,0,0,0,0,0,0,0,0.25,0,0,0,0,0,0,0.25,0,0,0,0,0
500,0,0,0.08,0,0,0,0,0,0,0,0,0,0.12,0,0,0,0,0,0.2,0,0,0,0,0,0,0,0.2,0.2,0,0,0,0,0.2
353,0,0,0.057,0,0,0,0,0,0,0,0,0,0.189,0,0,0,0,0,0.189,0,0,0,0,0,0,0,0.189,0.189,0,0,0,0,0.189
396,0,0,0.091,0,0,0,0,0,0,0,0,0,0.182,0,0,0,0,0,0.182,0,0,0,0,0,0,0,0.182,0.182,0,0,0,0,0.182
427,0,0,0.13,0,0,0,0,0,0,0,0,0,0.174,0,0,0,0,0,0.174,0,0,0,0,0,0,0,0.174,0.174,0,0,0,0,0.174
591,0,0,0.2,0,0,0,0,0,0,0,0,0,0,0,0,0,0.1,0,0.2,0,0,0,0,0,0,0,0.1,0.2,0,0,0,0,0.2
460,0,0,0.059,0,0,0,0,0,0,0,0,0,0,0,0,0,0.235,0,0.235,0,0,0,0,0,0,0,0,0.235,0.235,0,0,0,0
487,0,0,0.111,0,0,0,0,0,0,0,0,0,0,0,0,0,0.222,0,0.222,0,0,0,0,0,0,0,0,0.222,0.222,0,0,0,0
517,0,0,0.158,0,0,0,0,0,0,0,0,0,0,0,0,0,0.211,0,0.211,0,0,0,0,0,0,0,0,0.211,0.211,0,0,0,0
537,0,0,0.2,0,0,0,0,0,0,0,0,0,0,0,0,0,0.2,0,0.2,0,0,0,0,0,0,0,0,0.2,0.2,0,0,0,0
500,0,0,0.06,0,0,0,0,0,0,0,0,0,0,0,0,0,0,0,0.2,0,0,0,0,0,0,0,0.16,0.28,0.04,0,0,0,0.26
530,0,0,0.1,0,0,0,0,0,0,0,0,0,0,0,0,0,0,0,0.2,0,0,0,0,0,0,0,0.16,0.3,0.04,0,0,0,0.2
490,0,0,0.06,0,0,0,0,0,0,0,0,0,0,0,0,0,0,0,0.2,0,0,0,0,0,0,0,0.2,0.28,0,0,0,0,0.26
408,0,0,0.2,0,0,0,0,0,0,0,0,0,0,0,0,0,0,0,0.3,0,0,0,0,0,0,0,0.1,0.3,0,0,0,0,0.1
448,0,0,0.25,0,0,0,0,0,0,0,0,0,0,0,0,0,0,0,0.25,0,0,0,0,0,0,0,0,0.25,0.25,0,0,0,0
464,1,0,0,0,0,0,0,0.2,0,0,0,0,0.2,0,0,0,0,0,0.2,0,0,0,0,0,0,0,0,0.2,0,0,0,0,0.2
540,1,0,0,0,0,0,0,0.2,0,0,0,0,0,0,0,0,0.1,0,0.2,0,0,0,0,0,0,0,0.1,0.2,0,0,0,0,0.2
482,1,0,0,0,0,0,0,0.2,0,0,0,0,0,0,0,0,0,0,0.2,0,0,0,0,0,0,0,0,0.2,0.2,0,0,0,0.2
418,1,0,0,0,0,0,0,0.25,0,0,0,0,0,0,0,0,0,0,0.25,0,0,0,0,0,0,0,0,0.25,0,0,0,0,0.25
400,1,0,0,0,0,0,0,0,0,0,0,0,0.125,0,0,0,0.125,0,0.25,0,0,0,0,0,0,0,0,0.25,0,0,0,0,0.25
442,1,0,0,0,0,0,0,0,0,0,0,0,0.122,0,0,0,0.122,0,0.244,0,0,0,0,0,0.024,0,0,0.244,0,0,0,0,0.244
494,1,0,0,0,0,0,0,0,0,0,0,0,0.116,0,0,0,0.116,0,0.233,0,0,0,0,0,0.07,0,0,0.233,0,0,0,0,0.233
524,1,0,0,0,0,0,0,0,0,0,0,0,0.111,0,0,0,0.111,0,0.222,0,0,0,0,0,0.111,0,0,0.222,0,0,0,0,0.222
580,1,0,0,0,0,0,0,0,0,0,0,0,0.106,0,0,0,0.106,0,0.213,0,0,0,0,0,0.149,0,0,0.213,0,0,0,0,0.213
640,1,0,0,0,0,0,0,0,0,0,0,0,0.102,0,0,0,0.102,0,0.204,0,0,0,0,0,0.184,0,0,0.204,0,0,0,0,0.204
395,0,0,0,0,0,0,0,0,0,0,0,0,0.19,0,0,0,0.048,0,0.19,0,0,0,0,0,0,0,0.19,0.19,0,0,0,0,0.19
480,0,0,0,0,0,0,0,0,0,0,0,0,0.182,0,0,0,0.091,0,0.182,0,0,0,0,0,0,0,0.182,0.182,0,0,0,0,0.182
492,0,0,0,0,0,0,0,0,0,0,0,0,0.174,0,0,0,0.13,0,0.174,0,0,0,0,0,0,0,0.174,0.174,0,0,0,0,0.174
505,0,0,0,0,0,0,0,0,0,0,0,0,0.167,0,0,0,0.167,0,0.167,0,0,0,0,0,0,0,0.167,0.167,0,0,0,0,0.167
542,0,0,0,0,0,0,0,0,0,0,0,0,0.2,0,0,0,0.2,0,0,0,0,0,0,0,0,0,0.2,0.2,0,0,0,0,0.2
490,1,0,0,0,0,0,0,0,0,0,0,0,0.222,0,0,0,0,0,0.222,0,0,0,0,0,0.111,0,0,0.222,0.222,0,0,0,0
464,1,0,0,0,0,0,0,0,0,0,0,0,0.182,0,0,0,0,0,0.182,0,0,0,0,0,0.091,0,0,0.182,0.182,0,0,0,0.182
365,0,0,0,0,0,0,0,0,0,0,0,0,0.25,0,0,0,0,0,0.25,0,0,0,0,0,0,0,0.25,0,0,0,0,0,0.25
335,0,0,0,0,0,0,0,0,0,0,0,0,0.2,0,0,0,0,0,0.2,0,0,0,0,0,0,0,0.2,0.2,0,0,0,0,0.2
388,1,0,0,0,0,0,0,0,0,0,0,0,0.2,0,0,0,0,0,0.2,0,0,0,0,0,0,0,0,0.2,0.2,0,0,0,0.2
504,0,0,0,0,0,0,0,0,0,0,0,0,0,0,0,0,0.25,0,0.25,0,0,0,0,0,0,0,0.25,0,0.25,0,0,0,0
536,0,0,0,0,0,0,0,0,0,0,0,0,0,0,0,0,0.2,0,0.2,0,0,0,0,0,0,0,0.2,0,0.2,0.2,0,0,0
454,0,0,0,0,0,0,0,0,0,0,0,0,0,0,0,0,0.25,0,0.25,0,0,0,0,0,0,0,0.25,0,0,0.25,0,0,0
441,0,0,0,0,0,0,0,0,0,0,0,0,0,0,0,0,0.25,0,0.25,0,0,0,0,0,0,0,0,0.25,0.25,0,0,0,0
492,0,0,0,0,0,0,0,0,0,0,0,0,0,0,0,0,0,0,0.25,0,0,0,0,0,0,0,0.25,0,0.25,0.25,0,0,0
447,0,0,0,0,0,0,0,0,0,0,0,0,0,0,0,0,0,0,0.2,0,0,0,0,0,0,0,0.2,0.2,0.2,0.2,0,0,0
304,0,0,0,0,0,0,0,0,0,0,0,0,0,0,0,0,0,0,0.2,0,0,0,0,0,0,0,0,0.2,0.4,0,0,0,0.2
147,0,0,0,0,0,0,0,0,0.25,0,0,0,0,0,0,0.25,0,0,0,0,0.25,0,0,0,0,0,0,0,0,0,0,0.25,0
109,0,0,0,0,0,0,0,0,0.267,0,0,0,0,0,0,0.267,0,0,0,0,0.267,0,0,0,0,0,0,0,0,0,0,0.2,0
241,1,0,0.1,0,0,0,0,0,0.3,0,0,0,0,0,0,0.3,0,0,0,0,0.3,0,0,0,0,0,0,0,0,0,0,0,0
318,1,0,0,0,0,0,0,0,0.3,0,0,0,0,0,0,0.3,0,0,0,0,0.3,0,0,0,0,0.1,0,0,0,0,0,0,0
166,0,0,0.05,0,0,0,0,0,0.317,0,0,0,0,0,0,0.317,0,0,0,0,0.317,0,0,0,0,0,0,0,0,0,0,0,0
205,1,0,0,0,0,0,0,0,0.317,0,0,0,0,0,0,0.317,0,0,0,0,0.317,0,0,0,0,0.05,0,0,0,0,0,0,0
478.3,0,0,0,0,0,0,0,0,0,0,0,0,0,0,0,0,0.235,0,0.235,0,0,0,0,0,0,0,0.235,0.059,0,0.235,0,0,0
481.2,0,0,0,0,0,0,0,0,0,0,0,0,0,0,0,0,0.222,0,0.222,0,0,0,0,0,0,0,0.222,0.111,0,0.222,0,0,0
495.6,0,0,0,0,0,0,0,0,0,0,0,0,0,0,0,0,0.211,0,0.211,0,0,0,0,0,0,0,0.211,0.158,0,0.211,0,0,0
507.5,0,0,0,0,0,0,0,0,0,0,0,0,0,0,0,0,0.2,0,0.2,0,0,0,0,0,0,0,0.2,0.2,0,0.2,0,0,0
712,1,0,0.211,0,0,0,0,0.211,0,0.211,0,0,0,0,0,0,0.105,0,0,0,0.211,0,0,0,0,0,0,0.053,0,0,0,0,0
731.9,1,0,0.204,0,0,0,0,0.204,0,0.204,0,0,0,0,0,0,0.102,0,0,0,0.204,0,0,0,0,0,0,0.082,0,0,0,0,0
751.7,1,0,0.2,0,0,0,0,0.2,0,0.2,0,0,0,0,0,0,0.1,0,0,0,0.2,0,0,0,0,0,0,0.1,0,0,0,0,0
756.1,1,0,0.196,0,0,0,0,0.196,0,0.196,0,0,0,0,0,0,0.098,0,0,0,0.196,0,0,0,0,0,0,0.118,0,0,0,0,0
766.2,1,0,0.19,0,0,0,0,0.19,0,0.19,0,0,0,0,0,0,0.095,0,0,0,0.19,0,0,0,0,0,0,0.143,0,0,0,0,0
171,0,0,0.038,0,0,0,0.192,0.192,0,0.192,0,0,0,0,0,0.192,0,0,0,0,0.192,0,0,0,0,0,0,0,0,0,0,0,0
182,0,0,0.071,0,0,0,0.186,0.186,0,0.186,0,0,0,0,0,0.186,0,0,0,0,0.186,0,0,0,0,0,0,0,0,0,0,0,0
183,0,0,0.079,0,0,0,0.184,0.184,0,0.184,0,0,0,0,0,0.184,0,0,0,0,0.184,0,0,0,0,0,0,0,0,0,0,0,0
220,0,0,0.089,0,0,0,0.182,0.182,0,0.182,0,0,0,0,0,0.182,0,0,0,0,0.182,0,0,0,0,0,0,0,0,0,0,0,0
278,0,0,0.101,0,0,0,0.18,0.18,0,0.18,0,0,0,0,0,0.18,0,0,0,0,0.18,0,0,0,0,0,0,0,0,0,0,0,0
405,0,0,0.11,0,0,0,0.178,0.178,0,0.178,0,0,0,0,0,0.178,0,0,0,0,0.178,0,0,0,0,0,0,0,0,0,0,0,0
208,0,0,0,0,0,0,0.2,0,0.2,0.2,0,0,0,0,0,0.2,0,0,0,0,0.2,0,0,0,0,0,0,0,0,0,0,0,0
192,0,0,0,0,0,0,0.199,0,0.199,0.199,0,0,0,0,0,0.199,0,0,0,0,0.199,0,0,0,0,0.006,0,0,0,0,0,0,0
205,1,0,0,0,0,0,0.198,0,0.198,0.198,0,0,0,0,0,0.198,0,0,0,0,0.198,0,0,0,0,0.01,0,0,0,0,0,0,0
219,1,0,0,0,0,0,0.197,0,0.197,0.197,0,0,0,0,0,0.197,0,0,0,0,0.197,0,0,0,0,0.016,0,0,0,0,0,0,0
253,1,0,0,0,0,0,0.196,0,0.196,0.196,0,0,0,0,0,0.196,0,0,0,0,0.196,0,0,0,0,0.02,0,0,0,0,0,0,0
319,1,0,0,0,0,0,0.192,0,0.192,0.192,0,0,0,0,0,0.192,0,0,0,0,0.192,0,0,0,0,0.038,0,0,0,0,0,0,0
301,0,0,0,0,0,0,0,0,0,0,0,0,0.125,0,0,0,0,0,0.125,0,0,0,0,0,0,0,0.125,0.375,0,0,0,0,0.25
210,1,0,0,0,0,0,0.222,0.222,0,0.222,0,0,0,0,0,0,0.111,0,0,0,0.222,0,0,0,0,0,0,0,0,0,0,0,0
509,0,0,0,0,0,0,0.273,0.182,0,0.182,0,0,0,0,0,0,0,0,0,0,0.273,0,0,0,0,0,0,0.091,0,0,0,0,0
654,1,0,0,0,0,0,0.25,0.167,0,0.167,0,0,0,0,0,0,0,0,0,0,0.25,0,0,0,0,0,0,0.167,0,0,0,0,0
110,0,0,0.059,0,0,0,0.235,0.235,0,0.235,0,0,0,0,0,0,0,0,0,0,0.235,0,0,0,0,0,0,0,0,0,0,0,0
131,0,0,0.086,0,0,0,0.229,0.229,0,0.229,0,0,0,0,0,0,0,0,0,0,0.229,0,0,0,0,0,0,0,0,0,0,0,0
159,0,0,0.111,0,0,0,0.222,0.222,0,0.222,0,0,0,0,0,0,0,0,0,0,0.222,0,0,0,0,0,0,0,0,0,0,0,0
388,0,0,0.158,0,0,0,0.211,0.211,0,0.211,0,0,0,0,0,0,0,0,0,0,0.211,0,0,0,0,0,0,0,0,0,0,0,0
538,0,0,0.179,0,0,0,0.205,0.205,0,0.205,0,0,0,0,0,0,0,0,0,0,0.205,0,0,0,0,0,0,0,0,0,0,0,0
487,0,0,0.238,0,0,0,0.19,0.19,0,0.19,0,0,0,0,0,0,0,0,0,0,0.19,0,0,0,0,0,0,0,0,0,0,0,0
484,0,0,0.273,0,0,0,0.182,0.182,0,0.182,0,0,0,0,0,0,0,0,0,0,0.182,0,0,0,0,0,0,0,0,0,0,0,0
509,0,0,0.333,0,0,0,0.167,0.167,0,0.167,0,0,0,0,0,0,0,0,0,0,0.167,0,0,0,0,0,0,0,0,0,0,0,0
487,0,0,0.385,0,0,0,0.154,0.154,0,0.154,0,0,0,0,0,0,0,0,0,0,0.154,0,0,0,0,0,0,0,0,0,0,0,0
506,0,0,0.429,0,0,0,0.143,0.143,0,0.143,0,0,0,0,0,0,0,0,0,0,0.143,0,0,0,0,0,0,0,0,0,0,0,0
425,1,0,0.1,0,0,0,0.2,0.2,0,0.2,0,0,0,0,0,0,0.1,0,0,0,0.2,0,0,0,0,0,0,0,0,0,0,0,0
801,1,0,0.2,0,0,0,0.1,0.2,0,0.2,0,0,0,0,0,0,0.1,0,0,0,0.2,0,0,0,0,0,0,0,0,0,0,0,0
755,1,0,0.2,0,0,0,0.2,0.2,0,0.1,0,0,0,0,0,0,0.1,0,0,0,0.2,0,0,0,0,0,0,0,0,0,0,0,0
754,1,0,0.196,0,0,0,0.196,0.196,0,0.118,0,0,0,0,0,0,0.098,0,0,0,0.196,0,0,0,0,0,0,0,0,0,0,0,0
708,1,0,0.2,0,0,0,0.2,0.2,0,0.2,0,0,0,0,0,0,0.1,0,0,0,0.1,0,0,0,0,0,0,0,0,0,0,0,0
586,1,0,0.167,0,0,0,0.167,0.167,0,0.167,0,0,0,0,0,0,0.083,0,0,0,0.25,0,0,0,0,0,0,0,0,0,0,0,0
395,1,0,0.154,0,0,0,0.154,0.154,0,0.154,0,0,0,0,0,0,0.077,0,0,0,0.308,0,0,0,0,0,0,0,0,0,0,0,0
741,1,0,0.167,0,0,0,0.25,0.167,0,0.167,0,0,0,0,0,0,0.083,0,0,0,0.167,0,0,0,0,0,0,0,0,0,0,0,0
586,1,0,0.154,0,0,0,0.308,0.154,0,0.154,0,0,0,0,0,0,0.077,0,0,0,0.154,0,0,0,0,0,0,0,0,0,0,0,0
635,1,0,0.167,0,0,0,0.167,0.167,0,0.25,0,0,0,0,0,0,0.083,0,0,0,0.167,0,0,0,0,0,0,0,0,0,0,0,0
639,1,0,0.154,0,0,0,0.154,0.154,0,0.308,0,0,0,0,0,0,0.077,0,0,0,0.154,0,0,0,0,0,0,0,0,0,0,0,0
655,1,0,0.25,0,0,0,0.167,0.167,0,0.167,0,0,0,0,0,0,0.083,0,0,0,0.167,0,0,0,0,0,0,0,0,0,0,0,0
605,0,0,0.308,0,0,0,0.154,0.154,0,0.154,0,0,0,0,0,0,0.077,0,0,0,0.154,0,0,0,0,0,0,0,0,0,0,0,0
487,0,0,0.035,0,0,0,0.263,0.175,0,0.175,0,0,0,0,0,0,0,0,0,0,0.263,0,0,0,0,0,0,0.088,0,0,0,0,0
717,1,0,0.032,0,0,0,0.242,0.161,0,0.161,0,0,0,0,0,0,0,0,0,0,0.242,0,0,0,0,0,0,0.161,0,0,0,0,0
780,0,0,0.125,0,0,0,0.125,0.125,0,0.125,0,0,0,0,0,0,0,0,0,0,0.125,0,0,0,0,0,0,0.125,0.125,0,0,0,0.125
180,0,0,0.02,0,0,0,0.196,0.196,0,0.196,0,0,0,0,0,0.196,0,0,0,0,0.196,0,0,0,0,0,0,0,0,0,0,0,0
486,0,0,0.12,0,0,0,0.176,0.176,0,0.176,0,0,0,0,0,0.176,0,0,0,0,0.176,0,0,0,0,0,0,0,0,0,0,0,0
530,0,0,0.13,0,0,0,0.174,0.174,0,0.174,0,0,0,0,0,0.174,0,0,0,0,0.174,0,0,0,0,0,0,0,0,0,0,0,0
539,0,0,0.139,0,0,0,0.172,0.172,0,0.172,0,0,0,0,0,0.172,0,0,0,0,0.172,0,0,0,0,0,0,0,0,0,0,0,0
533,0,0,0.15,0,0,0,0.17,0.17,0,0.17,0,0,0,0,0,0.17,0,0,0,0,0.17,0,0,0,0,0,0,0,0,0,0,0,0
535,0,0,0.16,0,0,0,0.168,0.168,0,0.168,0,0,0,0,0,0.168,0,0,0,0,0.168,0,0,0,0,0,0,0,0,0,0,0,0
539,0,0,0.2,0,0,0,0.16,0.16,0,0.16,0,0,0,0,0,0.16,0,0,0,0,0.16,0,0,0,0,0,0,0,0,0,0,0,0
396,0,0,0.111,0,0,0,0,0.222,0,0.333,0,0,0,0,0,0.222,0,0,0,0,0.111,0,0,0,0,0,0,0,0,0,0,0,0
297,0,0,0.07,0,0,0,0,0.233,0,0.349,0,0,0,0,0,0.233,0,0,0,0,0.116,0,0,0,0,0,0,0,0,0,0,0,0
857,1,0,0.222,0,0,0,0.222,0.222,0,0.222,0,0,0,0,0,0,0.111,0,0,0,0,0,0,0,0,0,0,0,0,0,0,0,0
905,1,0,0.2,0,0,0,0,0.2,0,0.2,0,0,0,0,0,0,0.2,0,0,0,0.2,0,0,0,0,0,0,0,0,0,0,0,0
134,0,0,0,0,0,0,0.25,0.25,0.25,0.25,0,0,0,0,0,0,0,0,0,0,0,0,0,0,0,0,0,0,0,0,0,0,0
180,0,0,0.07,0,0,0,0.233,0.233,0.233,0.233,0,0,0,0,0,0,0,0,0,0,0,0,0,0,0,0,0,0,0,0,0,0,0
207,0,0,0.111,0,0,0,0.222,0.222,0.222,0.222,0,0,0,0,0,0,0,0,0,0,0,0,0,0,0,0,0,0,0,0,0,0,0
271,0,0,0.167,0,0,0,0.208,0.208,0.208,0.208,0,0,0,0,0,0,0,0,0,0,0,0,0,0,0,0,0,0,0,0,0,0,0
407,0,0,0.2,0,0,0,0.2,0.2,0.2,0.2,0,0,0,0,0,0,0,0,0,0,0,0,0,0,0,0,0,0,0,0,0,0,0
476,0,0,0.245,0,0,0,0.189,0.189,0.189,0.189,0,0,0,0,0,0,0,0,0,0,0,0,0,0,0,0,0,0,0,0,0,0,0
510,0,0,0.273,0,0,0,0.182,0.182,0.182,0.182,0,0,0,0,0,0,0,0,0,0,0,0,0,0,0,0,0,0,0,0,0,0,0
557,0,0,0.31,0,0,0,0.172,0.172,0.172,0.172,0,0,0,0,0,0,0,0,0,0,0,0,0,0,0,0,0,0,0,0,0,0,0
567,0,0,0.333,0,0,0,0.167,0.167,0.167,0.167,0,0,0,0,0,0,0,0,0,0,0,0,0,0,0,0,0,0,0,0,0,0,0
603,0,0,0.365,0,0,0,0.159,0.159,0.159,0.159,0,0,0,0,0,0,0,0,0,0,0,0,0,0,0,0,0,0,0,0,0,0,0
624,0,0,0.385,0,0,0,0.154,0.154,0.154,0.154,0,0,0,0,0,0,0,0,0,0,0,0,0,0,0,0,0,0,0,0,0,0,0
657,0,0,0.412,0,0,0,0.147,0.147,0.147,0.147,0,0,0,0,0,0,0,0,0,0,0,0,0,0,0,0,0,0,0,0,0,0,0
644,0,0,0.429,0,0,0,0.143,0.143,0.143,0.143,0,0,0,0,0,0,0,0,0,0,0,0,0,0,0,0,0,0,0,0,0,0,0
172,0,0,0,0,0,0,0.222,0.222,0.111,0.222,0,0,0,0,0,0,0,0,0,0,0.222,0,0,0,0,0,0,0,0,0,0,0,0
180,0,0,0.057,0,0,0,0.189,0.189,0.189,0.189,0,0,0,0,0,0,0,0,0,0,0.189,0,0,0,0,0,0,0,0,0,0,0,0
270,0,0,0.138,0,0,0,0.172,0.172,0.172,0.172,0,0,0,0,0,0,0,0,0,0,0.172,0,0,0,0,0,0,0,0,0,0,0,0
470,0,0,0.206,0,0,0,0.159,0.159,0.159,0.159,0,0,0,0,0,0,0,0,0,0,0.159,0,0,0,0,0,0,0,0,0,0,0,0
506,0,0,0.231,0,0,0,0.154,0.154,0.154,0.154,0,0,0,0,0,0,0,0,0,0,0.154,0,0,0,0,0,0,0,0,0,0,0,0
650,0,0,0.265,0,0,0,0.147,0.147,0.147,0.147,0,0,0,0,0,0,0,0,0,0,0.147,0,0,0,0,0,0,0,0,0,0,0,0
600,0,0,0.315,0,0,0,0.137,0.137,0.137,0.137,0,0,0,0,0,0,0,0,0,0,0.137,0,0,0,0,0,0,0,0,0,0,0,0
620,0,0,0.333,0,0,0,0.133,0.133,0.133,0.133,0,0,0,0,0,0,0,0,0,0,0.133,0,0,0,0,0,0,0,0,0,0,0,0
650,0,0,0.359,0,0,0,0.128,0.128,0.128,0.128,0,0,0,0,0,0,0,0,0,0,0.128,0,0,0,0,0,0,0,0,0,0,0,0
640,0,0,0.375,0,0,0,0.125,0.125,0.125,0.125,0,0,0,0,0,0,0,0,0,0,0.125,0,0,0,0,0,0,0,0,0,0,0,0
415,0,0,0.088,0.035,0,0,0.175,0.175,0.175,0.175,0,0,0,0,0,0,0,0,0,0,0.175,0,0,0,0,0,0,0,0,0,0,0,0
505,0,0,0.082,0.098,0,0,0.164,0.164,0.164,0.164,0,0,0,0,0,0,0,0,0,0,0.164,0,0,0,0,0,0,0,0,0,0,0,0
736,0,0,0.077,0.154,0,0,0.154,0.154,0.154,0.154,0,0,0,0,0,0,0,0,0,0,0.154,0,0,0,0,0,0,0,0,0,0,0,0
272,0,0,0.088,0,0,0,0.175,0.175,0.175,0.175,0,0,0,0,0,0,0,0,0,0,0.175,0,0,0,0,0,0,0.035,0,0,0,0,0
321,0,0,0.085,0,0,0,0.169,0.169,0.169,0.169,0,0,0,0,0,0,0,0,0,0,0.169,0,0,0,0,0,0,0.068,0,0,0,0,0
458,0,0,0.082,0,0,0,0.164,0.164,0.164,0.164,0,0,0,0,0,0,0,0,0,0,0.164,0,0,0,0,0,0,0.098,0,0,0,0,0
590,0,0,0.079,0,0,0,0.159,0.159,0.159,0.159,0,0,0,0,0,0,0,0,0,0,0.159,0,0,0,0,0,0,0.127,0,0,0,0,0
636,1,0,0.077,0,0,0,0.154,0.154,0.154,0.154,0,0,0,0,0,0,0,0,0,0,0.154,0,0,0,0,0,0,0.154,0,0,0,0,0
646,1,0,0.075,0,0,0,0.149,0.149,0.149,0.149,0,0,0,0,0,0,0,0,0,0,0.149,0,0,0,0,0,0,0.179,0,0,0,0,0
664,1,0,0.072,0,0,0,0.145,0.145,0.145,0.145,0,0,0,0,0,0,0,0,0,0,0.145,0,0,0,0,0,0,0.203,0,0,0,0,0
657,1,0,0.07,0,0,0,0.141,0.141,0.141,0.141,0,0,0,0,0,0,0,0,0,0,0.141,0,0,0,0,0,0,0.225,0,0,0,0,0
667,1,0,0.068,0,0,0,0.137,0.137,0.137,0.137,0,0,0,0,0,0,0,0,0,0,0.137,0,0,0,0,0,0,0.247,0,0,0,0,0
696,1,0,0.067,0,0,0,0.133,0.133,0.133,0.133,0,0,0,0,0,0,0,0,0,0,0.133,0,0,0,0,0,0,0.267,0,0,0,0,0
204,0,0,0.088,0,0,0,0.175,0.175,0.175,0.175,0,0,0,0,0,0,0,0,0,0,0.175,0,0,0,0,0,0,0,0.035,0,0,0,0
231,0,0,0.085,0,0,0,0.169,0.169,0.169,0.169,0,0,0,0,0,0,0,0,0,0,0.169,0,0,0,0,0,0,0,0.068,0,0,0,0
328,1,0,0.082,0,0,0,0.164,0.164,0.164,0.164,0,0,0,0,0,0,0,0,0,0,0.164,0,0,0,0,0,0,0,0.098,0,0,0,0
447,1,0,0.079,0,0,0,0.159,0.159,0.159,0.159,0,0,0,0,0,0,0,0,0,0,0.159,0,0,0,0,0,0,0,0.127,0,0,0,0
639,1,0,0.077,0,0,0,0.154,0.154,0.154,0.154,0,0,0,0,0,0,0,0,0,0,0.154,0,0,0,0,0,0,0,0.154,0,0,0,0
579,0,0,0.075,0,0,0,0.149,0.149,0.149,0.149,0,0,0,0,0,0,0,0,0,0,0.149,0,0,0,0,0,0,0,0.179,0,0,0,0
577,0,0,0.072,0,0,0,0.145,0.145,0.145,0.145,0,0,0,0,0,0,0,0,0,0,0.145,0,0,0,0,0,0,0,0.203,0,0,0,0
594,0,0,0.07,0,0,0,0.141,0.141,0.141,0.141,0,0,0,0,0,0,0,0,0,0,0.141,0,0,0,0,0,0,0,0.225,0,0,0,0
597,0,0,0.068,0,0,0,0.137,0.137,0.137,0.137,0,0,0,0,0,0,0,0,0,0,0.137,0,0,0,0,0,0,0,0.247,0,0,0,0
587,0,0,0.067,0,0,0,0.133,0.133,0.133,0.133,0,0,0,0,0,0,0,0,0,0,0.133,0,0,0,0,0,0,0,0.267,0,0,0,0
790,0,0,0.143,0,0,0,0.143,0,0,0.143,0,0,0,0,0,0,0,0,0,0,0.143,0,0,0,0,0,0,0.143,0.143,0,0,0,0.143
536,0,0,0.2,0,0,0,0.2,0,0.2,0.2,0,0,0,0,0,0,0,0,0,0,0.2,0,0,0,0,0,0,0,0,0,0,0,0
578,1,0,0.167,0,0,0,0.167,0,0.167,0.167,0,0,0,0,0,0,0,0,0.167,0,0.167,0,0,0,0,0,0,0,0,0,0,0,0
682,0,0,0.167,0,0,0,0.167,0,0.167,0.167,0,0,0,0,0,0,0,0,0,0,0.167,0,0,0,0.167,0,0,0,0,0,0,0,0
626,0,0,0.167,0,0,0,0.167,0,0.167,0.167,0,0,0,0,0,0,0,0,0,0,0.167,0,0,0,0,0,0,0.167,0,0,0,0,0
472,1,0,0.167,0,0,0,0.167,0,0.167,0.167,0,0,0,0,0,0,0,0,0,0,0.167,0,0,0,0,0,0,0,0,0,0,0,0.167
296,0,0,0,0,0,0,0,0.2,0.2,0.2,0,0,0,0,0,0.2,0,0,0,0,0.2,0,0,0,0,0,0,0,0,0,0,0,0
263,0,0,0,0,0,0,0,0.2,0.2,0.2,0,0,0,0,0,0,0.2,0,0,0,0.2,0,0,0,0,0,0,0,0,0,0,0,0
496,0,0,0.217,0,0,0,0,0.217,0.217,0.217,0,0,0,0,0,0,0,0,0,0,0.13,0,0,0,0,0,0,0,0,0,0,0,0
486,0,0,0.208,0,0,0,0,0.208,0.208,0.208,0,0,0,0,0,0,0,0,0,0,0.167,0,0,0,0,0,0,0,0,0,0,0,0
495,0,0,0.2,0,0,0,0,0.2,0.2,0.2,0,0,0,0,0,0,0,0,0,0,0.2,0,0,0,0,0,0,0,0,0,0,0,0
407,0,0,0.192,0,0,0,0,0.192,0.192,0.192,0,0,0,0,0,0,0,0,0,0,0.231,0,0,0,0,0,0,0,0,0,0,0,0
367,0,0,0.185,0,0,0,0,0.185,0.185,0.185,0,0,0,0,0,0,0,0,0,0,0.259,0,0,0,0,0,0,0,0,0,0,0,0
591,0,0,0.2,0,0,0,0,0,0,0,0,0,0,0.2,0.1,0,0,0,0,0,0,0,0,0.2,0,0,0,0.3,0,0,0,0,0
740,1,0,0,0,0,0,0,0,0,0.167,0,0,0,0,0,0,0.167,0,0,0,0.167,0,0,0,0,0,0,0.167,0.167,0,0,0,0.167
680,0,0,0,0,0,0,0.125,0.125,0.125,0.125,0,0,0,0,0,0,0,0,0,0,0.125,0,0,0,0,0,0,0.125,0.125,0,0,0,0.125
850,0,0,0,0,0,0,0.125,0.125,0,0.125,0,0,0,0,0,0,0.125,0,0,0,0.125,0,0,0,0,0,0,0.125,0.125,0,0,0,0.125
630,0,0,0,0,0,0,0.143,0,0.143,0.143,0,0,0,0,0,0,0,0,0,0,0.143,0,0,0,0,0,0,0.143,0.143,0,0,0,0.143
238,0,0,0,0,0,0,0.25,0,0,0.25,0,0,0,0,0,0,0,0,0,0,0.25,0,0,0,0,0,0,0,0.25,0,0,0,0
267,1,0,0,0,0,0,0.238,0,0,0.238,0,0,0,0,0,0,0.048,0,0,0,0.238,0,0,0,0,0,0,0,0.238,0,0,0,0
402,1,0,0,0,0,0,0.227,0,0,0.227,0,0,0,0,0,0,0.091,0,0,0,0.227,0,0,0,0,0,0,0,0.227,0,0,0,0
557,1,0,0,0,0,0,0.217,0,0,0.217,0,0,0,0,0,0,0.13,0,0,0,0.217,0,0,0,0,0,0,0,0.217,0,0,0,0
606,1,0,0,0,0,0,0.208,0,0,0.208,0,0,0,0,0,0,0.167,0,0,0,0.208,0,0,0,0,0,0,0,0.208,0,0,0,0
625,1,0,0,0,0,0,0.2,0,0,0.2,0,0,0,0,0,0,0.2,0,0,0,0.2,0,0,0,0,0,0,0,0.2,0,0,0,0
602,1,0,0,0,0,0,0.192,0,0,0.192,0,0,0,0,0,0,0.192,0,0,0,0.231,0,0,0,0,0,0,0,0.192,0,0,0,0
538,1,0,0,0,0,0,0.185,0,0,0.185,0,0,0,0,0,0,0.185,0,0,0,0.259,0,0,0,0,0,0,0,0.185,0,0,0,0
520,1,0,0,0,0,0,0.179,0,0,0.179,0,0,0,0,0,0,0.179,0,0,0,0.286,0,0,0,0,0,0,0,0.179,0,0,0,0
510,1,0,0,0,0,0,0.172,0,0,0.172,0,0,0,0,0,0,0.172,0,0,0,0.31,0,0,0,0,0,0,0,0.172,0,0,0,0
382,1,0,0,0,0,0,0.167,0,0,0.167,0,0,0,0,0,0,0.167,0,0,0,0.333,0,0,0,0,0,0,0,0.167,0,0,0,0
790,0,0,0,0,0,0,0.143,0,0,0.143,0,0,0,0,0,0,0.143,0,0,0,0.143,0,0,0,0,0,0,0.143,0.143,0,0,0,0.143
590,0,0,0,0,0,0,0,0,0.167,0.167,0,0,0,0,0,0,0,0,0,0,0.167,0,0,0,0,0,0,0.167,0.167,0,0,0,0.167
800,0,0,0.167,0,0,0,0,0,0,0.167,0,0,0,0,0,0,0,0,0,0,0.167,0,0,0,0,0,0,0.167,0.167,0,0,0,0.167
119,0,0,0,0,0,0,0.233,0.233,0,0.233,0,0.07,0,0,0,0,0,0,0,0,0.233,0,0,0,0,0,0,0,0,0,0,0,0
118,0,0,0,0,0,0,0.238,0.238,0,0.238,0,0.048,0,0,0,0,0,0,0,0,0.238,0,0,0,0,0,0,0,0,0,0,0,0
113,0,0,0,0,0,0,0.244,0.244,0,0.244,0,0.024,0,0,0,0,0,0,0,0,0.244,0,0,0,0,0,0,0,0,0,0,0,0
249,0,0,0.15,0,0,0,0.25,0.1,0,0.25,0,0,0,0,0,0,0,0,0,0,0.25,0,0,0,0,0,0,0,0,0,0,0,0
355,0,0,0.15,0,0,0,0.25,0.1,0,0.25,0,0,0,0,0,0,0,0,0,0,0.25,0,0,0,0,0,0,0,0,0,0,0,0
432,0,0,0.15,0,0,0,0.25,0.1,0,0.25,0,0,0,0,0,0,0,0,0,0,0.25,0,0,0,0,0,0,0,0,0,0,0,0
390,0,0,0.15,0,0,0,0.25,0.1,0,0.25,0,0,0,0,0,0,0,0,0,0,0.25,0,0,0,0,0,0,0,0,0,0,0,0
294,0,0,0.15,0,0,0,0.25,0.1,0,0.25,0,0,0,0,0,0,0,0,0,0,0.25,0,0,0,0,0,0,0,0,0,0,0,0
162,0,0,0,0,0,0,0.238,0,0.238,0.238,0,0,0,0,0,0,0.048,0,0,0,0.238,0,0,0,0,0,0,0,0,0,0,0,0
203,0,0,0,0,0,0,0.227,0,0.227,0.227,0,0,0,0,0,0,0.091,0,0,0,0.227,0,0,0,0,0,0,0,0,0,0,0,0
277,0,0,0,0,0,0,0.217,0,0.217,0.217,0,0,0,0,0,0,0.13,0,0,0,0.217,0,0,0,0,0,0,0,0,0,0,0,0
347,1,0,0,0,0,0,0.208,0,0.208,0.208,0,0,0,0,0,0,0.167,0,0,0,0.208,0,0,0,0,0,0,0,0,0,0,0,0
382,1,0,0,0,0,0,0.2,0,0.2,0.2,0,0,0,0,0,0,0.2,0,0,0,0.2,0,0,0,0,0,0,0,0,0,0,0,0
220,0,0,0.1,0,0,0,0.2,0.2,0,0.2,0,0,0,0,0,0,0.1,0,0,0,0.2,0,0,0,0,0,0,0,0,0,0,0,0
290,1,0,0.106,0,0,0,0.213,0.213,0,0.213,0,0,0,0,0,0,0.043,0,0,0,0.213,0,0,0,0,0,0,0,0,0,0,0,0
340,1,0,0.104,0,0,0,0.208,0.208,0,0.208,0,0,0,0,0,0,0.062,0,0,0,0.208,0,0,0,0,0,0,0,0,0,0,0,0
430,1,0,0.102,0,0,0,0.204,0.204,0,0.204,0,0,0,0,0,0,0.082,0,0,0,0.204,0,0,0,0,0,0,0,0,0,0,0,0
357,0,0,0.18,0,0,0,0.3,0.1,0,0.1,0,0,0,0,0,0,0.01,0,0,0,0.31,0,0,0,0,0,0,0,0,0,0,0,0
362,0,0,0.18,0,0,0,0.3,0.1,0,0.1,0,0,0,0,0,0,0.02,0,0,0,0.3,0,0,0,0,0,0,0,0,0,0,0,0
359,0,0,0.18,0,0,0,0.3,0.1,0,0.1,0,0,0,0,0,0,0.03,0,0,0,0.29,0,0,0,0,0,0,0,0,0,0,0,0
665,1,0,0.2,0,0,0,0,0.1,0,0,0,0,0,0,0,0,0,0,0.15,0,0,0,0,0,0,0,0,0.2,0.25,0,0,0,0.1
153,0,0,0.091,0,0,0,0.303,0,0,0.303,0,0,0,0,0,0,0,0,0,0,0.303,0,0,0,0,0,0,0,0,0,0,0,0
163,0,0,0.079,0,0,0,0.263,0.132,0,0.263,0,0,0,0,0,0,0,0,0,0,0.263,0,0,0,0,0,0,0,0,0,0,0,0
171,0,0,0.07,0,0,0,0.233,0.233,0,0.233,0,0,0,0,0,0,0,0,0,0,0.233,0,0,0,0,0,0,0,0,0,0,0,0
191,0,0,0.062,0,0,0,0.208,0.312,0,0.208,0,0,0,0,0,0,0,0,0,0,0.208,0,0,0,0,0,0,0,0,0,0,0,0
229,0,0,0.06,0,0,0,0.2,0.34,0,0.2,0,0,0,0,0,0,0,0,0,0,0.2,0,0,0,0,0,0,0,0,0,0,0,0
343,0,0,0.057,0,0,0,0.189,0.377,0,0.189,0,0,0,0,0,0,0,0,0,0,0.189,0,0,0,0,0,0,0,0,0,0,0,0
173.6,1,0,0,0,0,0,0.25,0.25,0,0.25,0,0,0,0,0,0,0,0,0,0,0.25,0,0,0,0,0,0,0,0,0,0,0,0
377.5,1,0,0,0,0,0,0.2,0.2,0,0.2,0,0,0,0,0,0,0,0,0,0,0.2,0,0,0,0,0,0,0,0.2,0,0,0,0
175.7,0,0,0,0,0,0,0.2,0.2,0,0.2,0,0,0,0,0,0.2,0,0,0,0,0.2,0,0,0,0,0,0,0,0,0,0,0,0
152.9,0,0,0,0,0,0,0.2,0.2,0.2,0.2,0,0,0,0,0,0,0,0,0,0,0.2,0,0,0,0,0,0,0,0,0,0,0,0
616.5,1,0,0,0,0,0,0.2,0.2,0,0.2,0,0,0,0,0,0,0,0,0,0,0.2,0,0,0,0,0,0,0,0,0,0,0,0.2
615.2,1,0,0,0,0,0,0.2,0.2,0,0.2,0,0,0,0,0,0,0,0,0.2,0,0.2,0,0,0,0,0,0,0,0,0,0,0,0
586.1,1,0,0,0,0,0,0.2,0.2,0,0.2,0,0,0.2,0,0,0,0,0,0,0,0.2,0,0,0,0,0,0,0,0,0,0,0,0
774,0,0,0,0,0,0,0,0,0,0,0,0,0,0,0,0,0.2,0,0.2,0,0,0,0,0,0,0,0.2,0,0.2,0.2,0,0,0
535,0,0,0,0,0,0,0,0,0,0,0,0,0,0,0,0,0.2,0,0.2,0,0,0,0,0,0,0,0.2,0,0.2,0.2,0,0,0
454,0,0,0.075,0,0,0,0.25,0,0.175,0.25,0,0,0,0,0,0,0,0,0,0,0.25,0,0,0,0,0,0,0,0,0,0,0,0
712,0,0,0.15,0,0,0,0.25,0,0,0.25,0,0,0,0,0,0,0,0,0,0,0.25,0,0,0,0,0,0,0.1,0,0,0,0,0
580,0,0,0.2,0,0,0,0,0,0,0,0,0,0,0,0,0,0.1,0,0.2,0,0,0,0,0,0,0,0.1,0.2,0,0,0,0,0.2
403,0,0,0,0,0,0,0,0,0,0,0,0,0.25,0,0,0,0.125,0,0.25,0,0,0,0,0,0,0,0,0.25,0.125,0,0,0,0
612,0,0,0,0,0,0,0,0,0,0,0,0,0.213,0,0,0,0.106,0,0.213,0,0,0,0,0,0.149,0,0,0.213,0.106,0,0,0,0
367.3469,0,0,0,0,0,0,0,0,0,0,0,0,0.25,0,0,0,0,0,0.25,0,0,0,0,0,0,0,0.25,0,0,0,0,0,0.25
459.1837,0,0,0,0,0,0,0,0,0,0,0,0,0,0,0,0,0.25,0,0.25,0,0,0,0,0,0,0,0.25,0,0,0.25,0,0,0
540.8163,0,0,0,0,0,0,0,0,0,0,0,0,0,0,0,0,0.2,0,0.2,0,0,0,0,0,0,0,0.2,0,0.2,0.2,0,0,0
938.7755,0,0,0,0,0,0,0,0,0,0,0,0,0.2,0,0,0,0,0,0.2,0,0,0,0,0,0,0,0,0.2,0.2,0,0,0,0.2
1173.469,0,0,0,0,0,0,0,0,0,0,0,0,0,0,0,0,0,0,0.2,0,0,0,0,0,0,0,0.2,0.2,0,0.2,0,0,0.2
1561.224,0,0,0,0,0,0,0,0,0,0,0,0,0.25,0,0,0,0,0,0.25,0,0,0,0,0,0,0,0.25,0,0,0,0,0,0.25
415,0,0,0,0,0,0,0,0,0,0,0,0,0,0,0,0,0.167,0,0.167,0,0,0,0,0,0,0,0,0.333,0.167,0,0,0,0.167
422.9592,0,0,0,0,0,0,0,0,0,0,0,0,0,0,0,0,0.154,0,0.154,0,0,0,0,0,0,0,0,0.308,0.154,0,0,0,0.231
433.9796,0,0,0,0,0,0,0,0,0,0,0,0,0,0,0,0,0.143,0,0.143,0,0,0,0,0,0,0,0,0.286,0.143,0,0,0,0.286
405.9184,0,0,0,0,0,0,0,0,0,0,0,0,0,0,0,0,0.125,0,0.125,0,0,0,0,0,0,0,0,0.25,0.125,0,0,0,0.375
943.7,0,0,0.222,0,0,0,0.222,0.222,0,0.222,0,0,0,0,0,0,0,0,0,0,0,0,0,0,0,0,0,0.111,0,0,0,0,0
761.7,0,0,0.182,0,0,0,0.182,0.182,0,0.182,0,0,0,0,0,0,0,0,0,0,0.182,0,0,0,0,0,0,0.091,0,0,0,0,0
723.6,0,0,0.167,0,0,0,0.167,0.167,0,0.167,0,0,0,0,0,0,0,0,0,0,0.25,0,0,0,0,0,0,0.083,0,0,0,0,0
612.2,0,0,0.154,0,0,0,0.154,0.154,0,0.154,0,0,0,0,0,0,0,0,0,0,0.308,0,0,0,0,0,0,0.077,0,0,0,0,0
566.1,0,0,0.143,0,0,0,0.143,0.143,0,0.143,0,0,0,0,0,0,0,0,0,0,0.357,0,0,0,0,0,0,0.071,0,0,0,0,0
503.2,0,0,0.133,0,0,0,0.133,0.133,0,0.133,0,0,0,0,0,0,0,0,0,0,0.4,0,0,0,0,0,0,0.067,0,0,0,0,0
263,0,0,0.048,0,0,0,0.238,0.238,0,0.238,0,0,0,0,0,0,0,0,0,0,0.238,0,0,0,0,0,0,0,0,0,0,0,0
409,0,0,0.047,0,0.007,0,0.235,0.235,0,0.235,0,0,0,0,0,0,0,0,0,0,0.235,0,0,0,0,0,0,0.007,0,0,0,0,0
576,0,0,0.046,0,0.014,0,0.231,0.231,0,0.231,0,0,0,0,0,0,0,0,0,0,0.231,0,0,0,0,0,0,0.014,0,0,0,0,0
1183,0,0,0.045,0,0.023,0,0.227,0.227,0,0.227,0,0,0,0,0,0,0,0,0,0,0.227,0,0,0,0,0,0,0.023,0,0,0,0,0
597.81,0,0,0.167,0,0,0,0,0,0.167,0.167,0,0,0,0,0,0.167,0,0,0,0,0,0,0,0,0,0,0,0.167,0.167,0,0,0,0
610.28,0,0,0.167,0,0,0,0,0,0.167,0.167,0,0,0,0,0,0.167,0,0,0,0,0,0,0,0,0,0,0,0.167,0.167,0,0,0,0
618.44,0,0,0.167,0,0,0,0,0,0.167,0.167,0,0,0,0,0,0.167,0,0,0,0,0,0,0,0,0,0,0,0.167,0.167,0,0,0,0
596.12,0,0,0.167,0,0,0,0,0,0.167,0.167,0,0,0,0,0,0.167,0,0,0,0,0,0,0,0,0,0,0,0.167,0.167,0,0,0,0
421.8,1,0,0,0,0,0,0,0,0,0.111,0,0,0.222,0,0,0,0,0,0.222,0,0,0,0,0,0,0,0,0.222,0,0,0,0,0.222
535.5,1,0,0,0,0,0,0,0,0,0.2,0,0,0.2,0,0,0,0,0,0.2,0,0,0,0,0,0,0,0,0.2,0,0,0,0,0.2
665.3,1,0,0,0,0,0,0,0,0,0.273,0,0,0.182,0,0,0,0,0,0.182,0,0,0,0,0,0,0,0,0.182,0,0,0,0,0.182
767.3,1,0,0,0,0,0,0,0,0,0.333,0,0,0.167,0,0,0,0,0,0.167,0,0,0,0,0,0,0,0,0.167,0,0,0,0,0.167
320,1,0,0.364,0,0,0,0,0,0,0,0,0,0,0,0,0,0,0,0,0,0,0,0,0,0,0,0,0.545,0.091,0,0,0,0
490,1,0,0,0,0,0,0,0,0,0,0,0,0,0,0,0,0.2,0,0.2,0,0,0,0,0,0,0,0.2,0.2,0,0,0,0,0.2
235.2,1,0,0,0,0,0,0,0,0,0,0,0,0,0,0,0,0,0,0.032,0,0,0,0,0,0,0,0,0.645,0,0,0,0,0.323
273.1,1,0,0,0,0,0,0,0,0,0,0,0,0,0,0,0,0,0,0,0,0,0,0,0,0,0,0,0.968,0,0,0,0,0.032
134.4,1,0,0,0,0,0,0.2,0.2,0,0.2,0,0,0,0,0,0.2,0,0,0,0,0.2,0,0,0,0,0,0,0,0,0,0,0,0
522,1,0,0.2,0,0,0,0.2,0.2,0,0.2,0,0,0,0,0,0,0,0,0,0,0.2,0,0,0,0,0,0,0,0,0,0,0,0
773,1,0,0,0,0,0,0,0,0,0,0,0,0,0,0,0,0.2,0,0.2,0,0,0,0,0,0,0,0.2,0,0.2,0.2,0,0,0
457.9,1,0,0.25,0,0,0,0,0.25,0,0.25,0,0,0,0,0,0,0,0,0,0,0.25,0,0,0,0,0,0,0,0,0,0,0,0
421.8,1,0,0.294,0,0,0,0,0.235,0,0.235,0,0,0,0,0,0,0,0,0,0,0.235,0,0,0,0,0,0,0,0,0,0,0,0
425.2,1,0,0.333,0,0,0,0,0.222,0,0.222,0,0,0,0,0,0,0,0,0,0,0.222,0,0,0,0,0,0,0,0,0,0,0,0
482.9,1,0,0.368,0,0,0,0,0.211,0,0.211,0,0,0,0,0,0,0,0,0,0,0.211,0,0,0,0,0,0,0,0,0,0,0,0
403,0,0,0,0,0,0,0,0,0,0,0,0,0.091,0,0,0,0,0,0.364,0,0,0,0,0,0,0,0.364,0,0,0.182,0,0,0
444,0,0,0,0,0.018,0,0,0,0,0,0,0,0.089,0,0,0,0,0,0.357,0,0,0,0,0,0,0,0.357,0,0,0.179,0,0,0
460,0,0,0,0,0.035,0,0,0,0,0,0,0,0.088,0,0,0,0,0,0.351,0,0,0,0,0,0,0,0.351,0,0,0.175,0,0,0
475,0,0,0,0,0.052,0,0,0,0,0,0,0,0.086,0,0,0,0,0,0.345,0,0,0,0,0,0,0,0.345,0,0,0.172,0,0,0
490,0,0,0,0,0.068,0,0,0,0,0,0,0,0.085,0,0,0,0,0,0.339,0,0,0,0,0,0,0,0.339,0,0,0.169,0,0,0
506,0,0,0,0,0.083,0,0,0,0,0,0,0,0.083,0,0,0,0,0,0.333,0,0,0,0,0,0,0,0.333,0,0,0.167,0,0,0
355,0,0,0,0,0,0,0,0,0,0,0,0,0.091,0,0,0,0,0,0.364,0,0,0,0,0,0,0,0.364,0,0,0.182,0,0,0
423,0,0,0,0,0.018,0,0,0,0,0,0,0,0.089,0,0,0,0,0,0.357,0,0,0,0,0,0,0,0.357,0,0,0.179,0,0,0
444,0,0,0,0,0.035,0,0,0,0,0,0,0,0.088,0,0,0,0,0,0.351,0,0,0,0,0,0,0,0.351,0,0,0.175,0,0,0
469,0,0,0,0,0.052,0,0,0,0,0,0,0,0.086,0,0,0,0,0,0.345,0,0,0,0,0,0,0,0.345,0,0,0.172,0,0,0
488,0,0,0,0,0.068,0,0,0,0,0,0,0,0.085,0,0,0,0,0,0.339,0,0,0,0,0,0,0,0.339,0,0,0.169,0,0,0
514,0,0,0,0,0.083,0,0,0,0,0,0,0,0.083,0,0,0,0,0,0.333,0,0,0,0,0,0,0,0.333,0,0,0.167,0,0,0
399,0,0,0.091,0,0,0,0.182,0.182,0.182,0.182,0,0,0,0,0,0,0,0,0,0,0.182,0,0,0,0,0,0,0,0,0,0,0,0
170,0,0,0.111,0,0,0,0.222,0.222,0,0.222,0,0,0,0,0,0,0,0,0,0,0.222,0,0,0,0,0,0,0,0,0,0,0,0
220,0,0,0.109,0,0,0,0.217,0.217,0,0.217,0,0,0,0,0,0,0.022,0,0,0,0.217,0,0,0,0,0,0,0,0,0,0,0,0
290,1,0,0.106,0,0,0,0.213,0.213,0,0.213,0,0,0,0,0,0,0.043,0,0,0,0.213,0,0,0,0,0,0,0,0,0,0,0,0
340,1,0,0.104,0,0,0,0.208,0.208,0,0.208,0,0,0,0,0,0,0.062,0,0,0,0.208,0,0,0,0,0,0,0,0,0,0,0,0
440,1,0,0.102,0,0,0,0.204,0.204,0,0.204,0,0,0,0,0,0,0.082,0,0,0,0.204,0,0,0,0,0,0,0,0,0,0,0,0
575,1,0,0.1,0,0,0,0.2,0.2,0,0.2,0,0,0,0,0,0,0.1,0,0,0,0.2,0,0,0,0,0,0,0,0,0,0,0,0
408,0,0,0,0,0,0,0.2,0.2,0.2,0.2,0,0,0,0,0,0,0,0,0,0,0.2,0,0,0,0,0,0,0,0,0,0,0,0
510,0,0,0.167,0,0,0,0.167,0.167,0.167,0.167,0,0,0,0,0,0,0,0,0,0,0.167,0,0,0,0,0,0,0,0,0,0,0,0
306,0,0,0.091,0,0,0,0.182,0.182,0.182,0.182,0,0,0,0,0,0,0,0,0,0,0.182,0,0,0,0,0,0,0,0,0,0,0,0
816,0,0,0.286,0,0,0,0.143,0.143,0.143,0.143,0,0,0,0,0,0,0,0,0,0,0.143,0,0,0,0,0,0,0,0,0,0,0,0
714,0,0,0.375,0,0,0,0.125,0.125,0.125,0.125,0,0,0,0,0,0,0,0,0,0,0.125,0,0,0,0,0,0,0,0,0,0,0,0
449,0,0,0.2,0,0,0,0,0,0.2,0.2,0,0,0,0,0,0,0,0,0,0,0.2,0,0,0,0,0,0,0.2,0,0,0,0,0
365,0,0,0.2,0,0,0,0,0,0.2,0.2,0,0,0,0,0,0,0,0,0,0,0.2,0,0,0,0,0,0,0.2,0,0,0,0,0
516,0,0,0.2,0,0,0,0,0,0.2,0.2,0,0,0,0,0,0,0,0,0,0,0.2,0,0,0,0,0,0,0.2,0,0,0,0,0
434,0,0,0.225,0,0,0,0,0,0.2,0.15,0,0,0,0,0,0,0,0,0,0,0.2,0,0,0,0,0,0,0.225,0,0,0,0,0
516,0,0,0.225,0,0,0,0,0,0.2,0.15,0,0,0,0,0,0,0,0,0,0,0.2,0,0,0,0,0,0,0.225,0,0,0,0,0
575,0,0,0.225,0,0,0,0,0,0.2,0.15,0,0,0,0,0,0,0,0,0,0,0.2,0,0,0,0,0,0,0.225,0,0,0,0,0
370,0,0,0.225,0,0,0,0,0,0.2,0.15,0,0,0,0,0,0,0,0,0,0,0.2,0,0,0,0,0,0,0.225,0,0,0,0,0
521,0,0,0.25,0,0,0,0,0,0.25,0,0,0,0,0,0,0,0,0,0,0,0.25,0,0,0,0,0,0,0.25,0,0,0,0,0
537,0,0,0.25,0,0,0,0,0,0.25,0,0,0,0,0,0,0,0,0,0,0,0.25,0,0,0,0,0,0,0.25,0,0,0,0,0
518,0,0,0.25,0,0,0,0,0,0.25,0,0,0,0,0,0,0,0,0,0,0,0.25,0,0,0,0,0,0,0.25,0,0,0,0,0
416,0,0,0.25,0,0,0,0,0,0.25,0,0,0,0,0,0,0,0,0,0,0,0.25,0,0,0,0,0,0,0.25,0,0,0,0,0
544,0,0,0.2,0,0,0,0,0,0.2,0.2,0,0,0,0,0,0,0,0,0,0,0.2,0,0,0,0,0,0,0.2,0,0,0,0,0
615,0,0,0.239,0,0,0,0.239,0.239,0,0.239,0,0,0,0,0,0,0,0,0,0,0.042,0,0,0,0,0,0,0,0,0,0,0,0
610,0,0,0.243,0,0,0,0.243,0.243,0,0.243,0,0,0,0,0,0,0,0,0,0,0.027,0,0,0,0,0,0,0,0,0,0,0,0
153,0,0,0,0,0,0,0.243,0.243,0,0.243,0,0,0,0,0,0.243,0,0,0,0,0.027,0,0,0,0,0,0,0,0,0,0,0,0
226,0,0,0.2,0,0,0,0.2,0.2,0,0.2,0,0,0,0,0,0,0,0,0,0,0.2,0,0,0,0,0,0,0,0,0,0,0,0
528,0,0,0,0,0,0,0.25,0.25,0,0.25,0,0,0,0,0,0.25,0,0,0,0,0,0,0,0,0,0,0,0,0,0,0,0,0
82.2,0,0,0.07,0,0,0,0.233,0.233,0,0.233,0,0,0,0,0,0,0,0,0,0,0.233,0,0,0,0,0,0,0,0,0,0,0,0
86,0,0,0.07,0,0,0,0.233,0.233,0,0.233,0,0,0,0,0,0,0,0,0,0,0.233,0,0,0,0,0,0,0,0,0,0,0,0
87.2,0,0,0.07,0,0,0,0.233,0.233,0,0.233,0,0,0,0,0,0,0,0,0,0,0.233,0,0,0,0,0,0,0,0,0,0,0,0
93.2,0,0,0.07,0,0,0,0.233,0.233,0,0.233,0,0,0,0,0,0,0,0,0,0,0.233,0,0,0,0,0,0,0,0,0,0,0,0
97,0,0,0.07,0,0,0,0.233,0.233,0,0.233,0,0,0,0,0,0,0,0,0,0,0.233,0,0,0,0,0,0,0,0,0,0,0,0
82.2,0,0,0.07,0,0,0,0.233,0.233,0,0.233,0,0,0,0,0,0,0,0,0,0,0.233,0,0,0,0,0,0,0,0,0,0,0,0
84.8,0,0,0.07,0,0,0,0.233,0.233,0,0.233,0,0,0,0,0,0,0,0,0,0,0.233,0,0,0,0,0,0,0,0,0,0,0,0
88,0,0,0.07,0,0,0,0.233,0.233,0,0.233,0,0,0,0,0,0,0,0,0,0,0.233,0,0,0,0,0,0,0,0,0,0,0,0
92,0,0,0.07,0,0,0,0.233,0.233,0,0.233,0,0,0,0,0,0,0,0,0,0,0.233,0,0,0,0,0,0,0,0,0,0,0,0
97.5,0,0,0.07,0,0,0,0.233,0.233,0,0.233,0,0,0,0,0,0,0,0,0,0,0.233,0,0,0,0,0,0,0,0,0,0,0,0
82.2,0,0,0.07,0,0,0,0.233,0.233,0,0.233,0,0,0,0,0,0,0,0,0,0,0.233,0,0,0,0,0,0,0,0,0,0,0,0
85.2,0,0,0.07,0,0,0,0.233,0.233,0,0.233,0,0,0,0,0,0,0,0,0,0,0.233,0,0,0,0,0,0,0,0,0,0,0,0
87.5,0,0,0.07,0,0,0,0.233,0.233,0,0.233,0,0,0,0,0,0,0,0,0,0,0.233,0,0,0,0,0,0,0,0,0,0,0,0
93,0,0,0.07,0,0,0,0.233,0.233,0,0.233,0,0,0,0,0,0,0,0,0,0,0.233,0,0,0,0,0,0,0,0,0,0,0,0
98.5,0,0,0.07,0,0,0,0.233,0.233,0,0.233,0,0,0,0,0,0,0,0,0,0,0.233,0,0,0,0,0,0,0,0,0,0,0,0
181,0,0,0.111,0,0,0,0.222,0.222,0,0.222,0,0,0,0,0,0,0,0,0,0,0.222,0,0,0,0,0,0,0,0,0,0,0,0
189,0,0,0.111,0,0,0,0.222,0.222,0,0.222,0,0,0,0,0,0,0,0,0,0,0.222,0,0,0,0,0,0,0,0,0,0,0,0
162,0,0,0.111,0,0,0,0.222,0.222,0,0.222,0,0,0,0,0,0,0,0,0,0,0.222,0,0,0,0,0,0,0,0,0,0,0,0
169,0,0,0.111,0,0,0,0.222,0.222,0,0.222,0,0,0,0,0,0,0,0,0,0,0.222,0,0,0,0,0,0,0,0,0,0,0,0
170,0,0,0.111,0,0,0,0.222,0.222,0,0.222,0,0,0,0,0,0,0,0,0,0,0.222,0,0,0,0,0,0,0,0,0,0,0,0
170,0,0,0.111,0,0,0,0.222,0.222,0,0.222,0,0,0,0,0,0,0,0,0,0,0.222,0,0,0,0,0,0,0,0,0,0,0,0
187,0,0,0.111,0,0,0,0.222,0.222,0,0.222,0,0,0,0,0,0,0,0,0,0,0.222,0,0,0,0,0,0,0,0,0,0,0,0
157,0,0,0.111,0,0,0,0.222,0.222,0,0.222,0,0,0,0,0,0,0,0,0,0,0.222,0,0,0,0,0,0,0,0,0,0,0,0
166,0,0,0.111,0,0,0,0.222,0.222,0,0.222,0,0,0,0,0,0,0,0,0,0,0.222,0,0,0,0,0,0,0,0,0,0,0,0
170.9,0,0,0.111,0,0,0,0.222,0.222,0,0.222,0,0,0,0,0,0,0,0,0,0,0.222,0,0,0,0,0,0,0,0,0,0,0,0
161,0,0,0.111,0,0,0,0.222,0.222,0,0.222,0,0,0,0,0,0,0,0,0,0,0.222,0,0,0,0,0,0,0,0,0,0,0,0
190,0,0,0.111,0,0,0,0.222,0.222,0,0.222,0,0,0,0,0,0,0,0,0,0,0.222,0,0,0,0,0,0,0,0,0,0,0,0
155,0,0,0.111,0,0,0,0.222,0.222,0,0.222,0,0,0,0,0,0,0,0,0,0,0.222,0,0,0,0,0,0,0,0,0,0,0,0
168,0,0,0.111,0,0,0,0.222,0.222,0,0.222,0,0,0,0,0,0,0,0,0,0,0.222,0,0,0,0,0,0,0,0,0,0,0,0
171.5,0,0,0.111,0,0,0,0.222,0.222,0,0.222,0,0,0,0,0,0,0,0,0,0,0.222,0,0,0,0,0,0,0,0,0,0,0,0
180,0,0,0.149,0,0,0,0.213,0.213,0,0.213,0,0,0,0,0,0,0,0,0,0,0.213,0,0,0,0,0,0,0,0,0,0,0,0
192,0,0,0.149,0,0,0,0.213,0.213,0,0.213,0,0,0,0,0,0,0,0,0,0,0.213,0,0,0,0,0,0,0,0,0,0,0,0
240,0,0,0.149,0,0,0,0.213,0.213,0,0.213,0,0,0,0,0,0,0,0,0,0,0.213,0,0,0,0,0,0,0,0,0,0,0,0
156,0,0,0.149,0,0,0,0.213,0.213,0,0.213,0,0,0,0,0,0,0,0,0,0,0.213,0,0,0,0,0,0,0,0,0,0,0,0
262,0,0,0.149,0,0,0,0.213,0.213,0,0.213,0,0,0,0,0,0,0,0,0,0,0.213,0,0,0,0,0,0,0,0,0,0,0,0
172,0,0,0.149,0,0,0,0.213,0.213,0,0.213,0,0,0,0,0,0,0,0,0,0,0.213,0,0,0,0,0,0,0,0,0,0,0,0
184,0,0,0.149,0,0,0,0.213,0.213,0,0.213,0,0,0,0,0,0,0,0,0,0,0.213,0,0,0,0,0,0,0,0,0,0,0,0
232,0,0,0.149,0,0,0,0.213,0.213,0,0.213,0,0,0,0,0,0,0,0,0,0,0.213,0,0,0,0,0,0,0,0,0,0,0,0
160,0,0,0.149,0,0,0,0.213,0.213,0,0.213,0,0,0,0,0,0,0,0,0,0,0.213,0,0,0,0,0,0,0,0,0,0,0,0
268,0,0,0.149,0,0,0,0.213,0.213,0,0.213,0,0,0,0,0,0,0,0,0,0,0.213,0,0,0,0,0,0,0,0,0,0,0,0
152,0,0,0.149,0,0,0,0.213,0.213,0,0.213,0,0,0,0,0,0,0,0,0,0,0.213,0,0,0,0,0,0,0,0,0,0,0,0
182,0,0,0.149,0,0,0,0.213,0.213,0,0.213,0,0,0,0,0,0,0,0,0,0,0.213,0,0,0,0,0,0,0,0,0,0,0,0
230,0,0,0.149,0,0,0,0.213,0.213,0,0.213,0,0,0,0,0,0,0,0,0,0,0.213,0,0,0,0,0,0,0,0,0,0,0,0
156,0,0,0.149,0,0,0,0.213,0.213,0,0.213,0,0,0,0,0,0,0,0,0,0,0.213,0,0,0,0,0,0,0,0,0,0,0,0
262,0,0,0.149,0,0,0,0.213,0.213,0,0.213,0,0,0,0,0,0,0,0,0,0,0.213,0,0,0,0,0,0,0,0,0,0,0,0
185,0,0,0.184,0,0,0,0.204,0.204,0,0.204,0,0,0,0,0,0,0,0,0,0,0.204,0,0,0,0,0,0,0,0,0,0,0,0
260,0,0,0.184,0,0,0,0.204,0.204,0,0.204,0,0,0,0,0,0,0,0,0,0,0.204,0,0,0,0,0,0,0,0,0,0,0,0
370,0,0,0.184,0,0,0,0.204,0.204,0,0.204,0,0,0,0,0,0,0,0,0,0,0.204,0,0,0,0,0,0,0,0,0,0,0,0
365,0,0,0.184,0,0,0,0.204,0.204,0,0.204,0,0,0,0,0,0,0,0,0,0,0.204,0,0,0,0,0,0,0,0,0,0,0,0
420,0,0,0.184,0,0,0,0.204,0.204,0,0.204,0,0,0,0,0,0,0,0,0,0,0.204,0,0,0,0,0,0,0,0,0,0,0,0
160,0,0,0.184,0,0,0,0.204,0.204,0,0.204,0,0,0,0,0,0,0,0,0,0,0.204,0,0,0,0,0,0,0,0,0,0,0,0
210,0,0,0.184,0,0,0,0.204,0.204,0,0.204,0,0,0,0,0,0,0,0,0,0,0.204,0,0,0,0,0,0,0,0,0,0,0,0
340,0,0,0.184,0,0,0,0.204,0.204,0,0.204,0,0,0,0,0,0,0,0,0,0,0.204,0,0,0,0,0,0,0,0,0,0,0,0
355,0,0,0.184,0,0,0,0.204,0.204,0,0.204,0,0,0,0,0,0,0,0,0,0,0.204,0,0,0,0,0,0,0,0,0,0,0,0
410,0,0,0.184,0,0,0,0.204,0.204,0,0.204,0,0,0,0,0,0,0,0,0,0,0.204,0,0,0,0,0,0,0,0,0,0,0,0
145,0,0,0.184,0,0,0,0.204,0.204,0,0.204,0,0,0,0,0,0,0,0,0,0,0.204,0,0,0,0,0,0,0,0,0,0,0,0
205,0,0,0.184,0,0,0,0.204,0.204,0,0.204,0,0,0,0,0,0,0,0,0,0,0.204,0,0,0,0,0,0,0,0,0,0,0,0
310,0,0,0.184,0,0,0,0.204,0.204,0,0.204,0,0,0,0,0,0,0,0,0,0,0.204,0,0,0,0,0,0,0,0,0,0,0,0
375,0,0,0.184,0,0,0,0.204,0.204,0,0.204,0,0,0,0,0,0,0,0,0,0,0.204,0,0,0,0,0,0,0,0,0,0,0,0
415,0,0,0.184,0,0,0,0.204,0.204,0,0.204,0,0,0,0,0,0,0,0,0,0,0.204,0,0,0,0,0,0,0,0,0,0,0,0
210,0,0,0.273,0,0,0,0.182,0.182,0,0.182,0,0,0,0,0,0,0,0,0,0,0.182,0,0,0,0,0,0,0,0,0,0,0,0
255,0,0,0.273,0,0,0,0.182,0.182,0,0.182,0,0,0,0,0,0,0,0,0,0,0.182,0,0,0,0,0,0,0,0,0,0,0,0
335,0,0,0.273,0,0,0,0.182,0.182,0,0.182,0,0,0,0,0,0,0,0,0,0,0.182,0,0,0,0,0,0,0,0,0,0,0,0
355,0,0,0.273,0,0,0,0.182,0.182,0,0.182,0,0,0,0,0,0,0,0,0,0,0.182,0,0,0,0,0,0,0,0,0,0,0,0
420,0,0,0.273,0,0,0,0.182,0.182,0,0.182,0,0,0,0,0,0,0,0,0,0,0.182,0,0,0,0,0,0,0,0,0,0,0,0
200,0,0,0.273,0,0,0,0.182,0.182,0,0.182,0,0,0,0,0,0,0,0,0,0,0.182,0,0,0,0,0,0,0,0,0,0,0,0
245,0,0,0.273,0,0,0,0.182,0.182,0,0.182,0,0,0,0,0,0,0,0,0,0,0.182,0,0,0,0,0,0,0,0,0,0,0,0
330,0,0,0.273,0,0,0,0.182,0.182,0,0.182,0,0,0,0,0,0,0,0,0,0,0.182,0,0,0,0,0,0,0,0,0,0,0,0
350,0,0,0.273,0,0,0,0.182,0.182,0,0.182,0,0,0,0,0,0,0,0,0,0,0.182,0,0,0,0,0,0,0,0,0,0,0,0
430,0,0,0.273,0,0,0,0.182,0.182,0,0.182,0,0,0,0,0,0,0,0,0,0,0.182,0,0,0,0,0,0,0,0,0,0,0,0
190,0,0,0.273,0,0,0,0.182,0.182,0,0.182,0,0,0,0,0,0,0,0,0,0,0.182,0,0,0,0,0,0,0,0,0,0,0,0
250,0,0,0.273,0,0,0,0.182,0.182,0,0.182,0,0,0,0,0,0,0,0,0,0,0.182,0,0,0,0,0,0,0,0,0,0,0,0
320,0,0,0.273,0,0,0,0.182,0.182,0,0.182,0,0,0,0,0,0,0,0,0,0,0.182,0,0,0,0,0,0,0,0,0,0,0,0
355,0,0,0.273,0,0,0,0.182,0.182,0,0.182,0,0,0,0,0,0,0,0,0,0,0.182,0,0,0,0,0,0,0,0,0,0,0,0
440,0,0,0.273,0,0,0,0.182,0.182,0,0.182,0,0,0,0,0,0,0,0,0,0,0.182,0,0,0,0,0,0,0,0,0,0,0,0
160,0,0,0,0,0,0,0.25,0.25,0,0.25,0,0,0,0,0,0,0,0,0,0,0.25,0,0,0,0,0,0,0,0,0,0,0,0
134,0,0,0,0,0,0,0.25,0.25,0,0.25,0,0,0,0,0,0,0,0,0,0,0.25,0,0,0,0,0,0,0,0,0,0,0,0
170,0,0,0,0,0,0,0.2,0.2,0,0.2,0,0,0,0,0,0.2,0,0,0,0,0.2,0,0,0,0,0,0,0,0,0,0,0,0
135,0,0,0,0,0,0,0.2,0.2,0,0.2,0,0,0,0,0,0.2,0,0,0,0,0.2,0,0,0,0,0,0,0,0,0,0,0,0
636,1,0,0,0,0,0,0.167,0.167,0,0.167,0,0,0,0,0,0.167,0,0,0,0,0.167,0,0,0,0,0,0,0,0.167,0,0,0,0
650,0,0,0,0,0,0,0.167,0.167,0,0.167,0,0,0,0,0,0.167,0,0,0,0,0.167,0,0,0,0,0,0,0,0.167,0,0,0,0
587,1,0,0,0,0,0,0.2,0.2,0,0.2,0,0,0,0,0,0,0,0,0,0,0.2,0,0,0,0,0,0,0,0.2,0,0,0,0
524,0,0,0,0,0,0,0.2,0.2,0,0.2,0,0,0,0,0,0,0,0,0,0,0.2,0,0,0,0,0,0,0,0.2,0,0,0,0
135,0,0,0,0,0,0,0.2,0.2,0,0.2,0,0,0,0,0,0.2,0,0,0,0,0.2,0,0,0,0,0,0,0,0,0,0,0,0
144,0,0,0,0,0,0,0.2,0.2,0,0.2,0,0,0,0,0,0.2,0,0,0,0,0.2,0,0,0,0,0,0,0,0,0,0,0,0
636,0,0,0,0,0,0,0.167,0.167,0,0.167,0,0,0,0,0,0.167,0,0,0,0,0.167,0,0,0,0,0,0,0,0.167,0,0,0,0
650,0,0,0,0,0,0,0.167,0.167,0,0.167,0,0,0,0,0,0.167,0,0,0,0,0.167,0,0,0,0,0,0,0,0.167,0,0,0,0
144,0,0,0,0,0,0,0.19,0.19,0,0.19,0,0,0,0,0,0.19,0,0,0,0,0.19,0,0,0,0,0,0,0,0.048,0,0,0,0
151,0,0,0,0,0,0,0.19,0.19,0,0.19,0,0,0,0,0,0.19,0,0,0,0,0.19,0,0,0,0,0,0,0,0.048,0,0,0,0
275,0,0,0,0,0,0,0.182,0.182,0,0.182,0,0,0,0,0,0.182,0,0,0,0,0.182,0,0,0,0,0,0,0,0.091,0,0,0,0
186,0,0,0,0,0,0,0.182,0.182,0,0.182,0,0,0,0,0,0.182,0,0,0,0,0.182,0,0,0,0,0,0,0,0.091,0,0,0,0
380,0,0,0,0,0,0,0.174,0.174,0,0.174,0,0,0,0,0,0.174,0,0,0,0,0.174,0,0,0,0,0,0,0,0.13,0,0,0,0
342,0,0,0,0,0,0,0.174,0.174,0,0.174,0,0,0,0,0,0.174,0,0,0,0,0.174,0,0,0,0,0,0,0,0.13,0,0,0,0
374,0,0,0,0,0,0,0.2,0.16,0.2,0.2,0,0,0,0,0,0,0,0,0,0,0.24,0,0,0,0,0,0,0,0,0,0,0,0
376,0,0,0,0,0,0,0.2,0.1,0.2,0.2,0,0,0,0,0,0,0,0,0,0,0.3,0,0,0,0,0,0,0,0,0,0,0,0
322,0,0,0,0,0,0,0.2,0.04,0.2,0.2,0,0,0,0,0,0,0,0,0,0,0.36,0,0,0,0,0,0,0,0,0,0,0,0
321,0,0,0,0,0,0,0.2,0.2,0.2,0.2,0,0,0,0,0,0,0,0,0,0,0.2,0,0,0,0,0,0,0,0,0,0,0,0
730,1,0,0.111,0,0,0,0.222,0.222,0,0.111,0,0,0,0,0,0,0,0,0,0,0.222,0,0,0,0,0,0,0.111,0,0,0,0,0
430,0,0,0.088,0,0,0,0.175,0.175,0,0.263,0,0,0,0,0,0,0,0,0,0,0.175,0,0,0,0,0,0,0.123,0,0,0,0,0
399,0,0,0.079,0,0,0,0.159,0.159,0,0.317,0,0,0,0,0,0,0,0,0,0,0.159,0,0,0,0,0,0,0.127,0,0,0,0,0
526,1,0,0.098,0,0,0,0.196,0.196,0,0.196,0,0,0,0,0,0,0,0,0,0,0.196,0,0,0,0,0,0,0.118,0,0,0,0,0
650,0,0,0.048,0,0,0,0,0.19,0,0,0,0,0,0,0,0,0,0,0.19,0,0,0,0,0,0,0,0,0.19,0.19,0,0,0,0.19
660,0,0,0.091,0,0,0,0,0.182,0,0,0,0,0,0,0,0,0,0,0.182,0,0,0,0,0,0,0,0,0.182,0.182,0,0,0,0.182
670,0,0,0.167,0,0,0,0,0.167,0,0,0,0,0,0,0,0,0,0,0.167,0,0,0,0,0,0,0,0,0.167,0.167,0,0,0,0.167
520,0,0,0,0,0,0,0,0.2,0,0,0,0,0,0,0,0,0,0,0.2,0,0,0,0,0,0,0,0,0.2,0.2,0,0,0,0.2
532,0,0,0.2,0,0,0,0,0,0.2,0,0,0,0.2,0,0,0,0,0,0,0,0,0,0,0,0,0,0,0,0,0,0.2,0,0.2
480,0,0,0.2,0,0,0,0,0,0.2,0,0,0,0,0,0,0,0,0,0,0,0,0,0,0,0,0,0,0.2,0,0,0.2,0,0.2
312,0,0,0,0,0,0,0,0,0.2,0,0,0,0.2,0,0,0,0,0,0,0,0,0,0,0,0,0,0,0.2,0,0,0.2,0,0.2
376,1,0,0,0,0,0,0.333,0,0,0,0,0,0,0,0,0,0.083,0,0,0,0.333,0,0,0,0,0,0,0,0.167,0.083,0,0,0
560,1,0,0,0,0,0,0.323,0,0,0,0,0,0,0,0,0,0.097,0,0,0,0.323,0,0,0,0,0,0,0,0.161,0.097,0,0,0
577,1,0,0,0,0,0,0.303,0,0,0,0,0,0,0,0,0,0.121,0,0,0,0.303,0,0,0,0,0,0,0,0.152,0.121,0,0,0
583,1,0,0,0,0,0,0.25,0,0,0,0,0,0,0,0,0,0.188,0,0,0,0.25,0,0,0,0,0,0,0,0.125,0.188,0,0,0
667,1,0,0,0,0,0,0.235,0,0,0,0,0,0,0,0,0,0.206,0,0,0,0.235,0,0,0,0,0,0,0,0.118,0.206,0,0,0
510,1,0,0,0,0,0,0.286,0,0,0,0,0,0,0,0,0,0.143,0,0,0,0.286,0,0,0,0,0,0,0,0.143,0.143,0,0,0
515.5,1,0,0,0,0,0,0.167,0,0,0,0,0,0.167,0,0,0,0,0,0.167,0,0.167,0,0,0,0,0,0,0.167,0,0,0,0,0.167
520.1,1,0,0,0,0,0,0.167,0,0,0,0,0,0.167,0,0,0,0,0,0.167,0,0.167,0,0,0,0,0,0,0.167,0,0,0,0,0.167
489.2,0,0,0,0,0,0,0.2,0,0,0,0,0,0,0,0,0,0,0,0.2,0,0.2,0,0,0,0,0,0,0.2,0,0,0,0,0.2
489.2,0,0,0,0,0,0,0.2,0,0,0,0,0,0,0,0,0,0,0,0.2,0,0.2,0,0,0,0,0,0,0.2,0,0,0,0,0.2
489.2,0,0,0,0,0,0,0.2,0,0,0,0,0,0,0,0,0,0,0,0.2,0,0.2,0,0,0,0,0,0,0.2,0,0,0,0,0.2
489.2,0,0,0,0,0,0,0.2,0,0,0,0,0,0,0,0,0,0,0,0.2,0,0.2,0,0,0,0,0,0,0.2,0,0,0,0,0.2
489.2,0,0,0,0,0,0,0.2,0,0,0,0,0,0,0,0,0,0,0,0.2,0,0.2,0,0,0,0,0,0,0.2,0,0,0,0,0.2
527.3,0,0,0,0,0,0,0.2,0,0,0,0,0,0,0,0,0,0,0,0.2,0,0.2,0,0,0,0,0,0,0.2,0,0,0,0,0.2
500,1,0,0.111,0,0,0,0,0,0,0,0,0,0,0,0,0,0,0,0.222,0,0,0,0,0,0,0,0,0.222,0.222,0,0,0,0.222
470,1,0,0.111,0,0,0,0,0,0,0,0,0,0,0,0,0,0,0,0.222,0,0,0,0,0,0,0,0,0.222,0.222,0,0,0,0.222
630,1,0,0.273,0,0,0,0,0,0,0,0,0,0,0,0,0,0,0,0.182,0,0,0,0,0,0,0,0,0.182,0.182,0,0,0,0.182
620,1,0,0.273,0,0,0,0,0,0,0,0,0,0,0,0,0,0,0,0.182,0,0,0,0,0,0,0,0,0.182,0.182,0,0,0,0.182
550,1,0,0.2,0,0,0,0,0,0,0,0,0,0,0,0,0,0,0,0.2,0,0,0,0,0,0,0,0,0.2,0.2,0,0,0,0.2
540,1,0,0.2,0,0,0,0,0,0,0,0,0,0,0,0,0,0,0,0.2,0,0,0,0,0,0,0,0,0.2,0.2,0,0,0,0.2
460,0,0,0,0,0,0,0,0,0,0,0,0,0,0,0,0,0,0,0.25,0,0,0,0,0,0,0,0,0.25,0.25,0,0,0,0.25
380,1,0,0,0,0,0,0,0,0,0,0,0,0,0,0,0,0,0,0.25,0,0,0,0,0,0,0,0,0.25,0.25,0,0,0,0.25
306.8,1,0,0,0,0,0,0.333,0.167,0,0,0,0,0,0,0,0,0.083,0,0,0,0.333,0,0,0,0,0,0,0,0,0.083,0,0,0
255.88,1,0,0,0,0,0,0.333,0.083,0,0,0,0,0,0,0,0,0,0,0,0,0.333,0,0,0,0,0,0,0,0.167,0.083,0,0,0
376.1,1,0,0,0,0,0,0.333,0,0,0,0,0,0,0,0,0,0.083,0,0,0,0.333,0,0,0,0,0,0,0,0.167,0.083,0,0,0
602,0,0,0,0,0,0,0.192,0,0,0.192,0,0,0,0,0,0,0.192,0,0,0,0.231,0,0,0,0,0,0,0,0.192,0,0,0,0
537.53,0,0,0,0,0,0,0.185,0,0,0.185,0,0,0,0,0,0,0.185,0,0,0,0.259,0,0,0,0,0,0,0,0.185,0,0,0,0
520.4,0,0,0,0,0,0,0.179,0,0,0.179,0,0,0,0,0,0,0.179,0,0,0,0.286,0,0,0,0,0,0,0,0.179,0,0,0,0
510.3,0,0,0,0,0,0,0.172,0,0,0.172,0,0,0,0,0,0,0.172,0,0,0,0.31,0,0,0,0,0,0,0,0.172,0,0,0,0
382.27,0,0,0,0,0,0,0.167,0,0,0.167,0,0,0,0,0,0,0.167,0,0,0,0.333,0,0,0,0,0,0,0,0.167,0,0,0,0
238.07,0,0,0,0,0,0,0.25,0,0,0.25,0,0,0,0,0,0,0,0,0,0,0.25,0,0,0,0,0,0,0,0.25,0,0,0,0
624.6,0,0,0,0,0,0,0.2,0,0,0.2,0,0,0,0,0,0,0.2,0,0,0,0.2,0,0,0,0,0,0,0,0.2,0,0,0,0
267.28,0,0,0,0,0,0,0.238,0,0,0.238,0,0,0,0,0,0,0.048,0,0,0,0.238,0,0,0,0,0,0,0,0.238,0,0,0,0
402.45,0,0,0,0,0,0,0.227,0,0,0.227,0,0,0,0,0,0,0.091,0,0,0,0.227,0,0,0,0,0,0,0,0.227,0,0,0,0
556.68,0,0,0,0,0,0,0.217,0,0,0.217,0,0,0,0,0,0,0.13,0,0,0,0.217,0,0,0,0,0,0,0,0.217,0,0,0,0
605.63,0,0,0,0,0,0,0.208,0,0,0.208,0,0,0,0,0,0,0.167,0,0,0,0.208,0,0,0,0,0,0,0,0.208,0,0,0,0
305,0,0,0,0,0,0,0,0.182,0,0.182,0,0,0,0,0,0,0,0,0,0,0.364,0,0,0,0,0,0,0,0.091,0.182,0,0,0
226,0,0,0,0,0,0,0,0.211,0,0.211,0,0,0,0,0,0,0,0,0,0,0.421,0,0,0,0,0,0,0,0.105,0.053,0,0,0
289.3,0,0,0,0,0,0,0,0.2,0,0.2,0,0,0,0,0,0,0,0,0,0,0.4,0,0,0,0,0,0,0,0.1,0.1,0,0,0
289.3,0,0,0,0,0,0,0,0.19,0,0.19,0,0,0,0,0,0,0,0,0,0,0.381,0,0,0,0,0,0,0,0.095,0.143,0,0,0
633,0,0,0,0,0,0,0,0.222,0,0.222,0,0,0,0,0,0,0,0,0,0,0.222,0,0,0,0,0,0,0,0.111,0.222,0,0,0
869,0,0,0,0,0,0,0,0.267,0,0.267,0,0,0,0,0,0,0,0,0,0,0.267,0,0,0,0,0,0,0,0.133,0.067,0,0,0
777,0,0,0,0,0,0,0,0.25,0,0.25,0,0,0,0,0,0,0,0,0,0,0.25,0,0,0,0,0,0,0,0.125,0.125,0,0,0
783,0,0,0,0,0,0,0,0.235,0,0.235,0,0,0,0,0,0,0,0,0,0,0.235,0,0,0,0,0,0,0,0.118,0.176,0,0,0
625,0,0,0.2,0,0,0,0.2,0.2,0,0.2,0,0,0,0,0,0,0,0,0,0,0.2,0,0,0,0,0,0,0,0,0,0,0,0
245,0,0,0.1,0,0,0,0.2,0.2,0.1,0.2,0,0,0,0,0,0,0,0,0,0,0.2,0,0,0,0,0,0,0,0,0,0,0,0
320,0,0,0.135,0,0,0,0.192,0.192,0.096,0.192,0,0,0,0,0,0,0,0,0,0,0.192,0,0,0,0,0,0,0,0,0,0,0,0
350,0,0,0.143,0,0,0,0.19,0.19,0.095,0.19,0,0,0,0,0,0,0,0,0,0,0.19,0,0,0,0,0,0,0,0,0,0,0,0
410,0,0,0.151,0,0,0,0.189,0.189,0.094,0.189,0,0,0,0,0,0,0,0,0,0,0.189,0,0,0,0,0,0,0,0,0,0,0,0
570,0,0,0.167,0,0,0,0.185,0.185,0.093,0.185,0,0,0,0,0,0,0,0,0,0,0.185,0,0,0,0,0,0,0,0,0,0,0,0
582,0,0,0.182,0,0,0,0.182,0.182,0.091,0.182,0,0,0,0,0,0,0,0,0,0,0.182,0,0,0,0,0,0,0,0,0,0,0,0
555,0,0,0.2,0,0,0,0.2,0.2,0,0.2,0,0,0,0,0,0,0,0,0,0,0.2,0,0,0,0,0,0,0,0,0,0,0,0
575,0,0,0.196,0,0,0,0.196,0.196,0.02,0.196,0,0,0,0,0,0,0,0,0,0,0.196,0,0,0,0,0,0,0,0,0,0,0,0
245,0,0,0.1,0,0,0,0.2,0.2,0.1,0.2,0,0,0,0,0,0,0,0,0,0,0.2,0,0,0,0,0,0,0,0,0,0,0,0
245,0,0,0.095,0,0,0,0.19,0.19,0.143,0.19,0,0,0,0,0,0,0,0,0,0,0.19,0,0,0,0,0,0,0,0,0,0,0,0
275,0,0,0.091,0,0,0,0.182,0.182,0.182,0.182,0,0,0,0,0,0,0,0,0,0,0.182,0,0,0,0,0,0,0,0,0,0,0,0
263,0,0,0.091,0,0,0,0.182,0.182,0.182,0.182,0,0,0,0,0,0,0,0,0,0,0.182,0,0,0,0,0,0,0,0,0,0,0,0
420,0,0,0.085,0,0,0,0.169,0.169,0.169,0.169,0,0,0,0,0,0,0,0,0,0,0.169,0,0,0,0.068,0,0,0,0,0,0,0,0
653,0,0,0.079,0,0,0,0.159,0.159,0.159,0.159,0,0,0,0,0,0,0,0,0,0,0.159,0,0,0,0.127,0,0,0,0,0,0,0,0
650,0,0,0.048,0,0,0,0,0.19,0,0,0,0,0,0,0,0,0,0,0.19,0,0,0,0,0,0,0,0,0.19,0.19,0,0,0,0.19
650,0,0,0.048,0,0,0,0,0.19,0,0,0,0,0,0,0,0,0,0,0.19,0,0,0,0,0,0,0,0,0.19,0.19,0,0,0,0.19
650,0,0,0.048,0,0,0,0,0.19,0,0,0,0,0,0,0,0,0,0,0.19,0,0,0,0,0,0,0,0,0.19,0.19,0,0,0,0.19
650,0,0,0.048,0,0,0,0,0.19,0,0,0,0,0,0,0,0,0,0,0.19,0,0,0,0,0,0,0,0,0.19,0.19,0,0,0,0.19
660,0,0,0.091,0,0,0,0,0.182,0,0,0,0,0,0,0,0,0,0,0.182,0,0,0,0,0,0,0,0,0.182,0.182,0,0,0,0.182
660,0,0,0.091,0,0,0,0,0.182,0,0,0,0,0,0,0,0,0,0,0.182,0,0,0,0,0,0,0,0,0.182,0.182,0,0,0,0.182
660,0,0,0.091,0,0,0,0,0.182,0,0,0,0,0,0,0,0,0,0,0.182,0,0,0,0,0,0,0,0,0.182,0.182,0,0,0,0.182
660,0,0,0.091,0,0,0,0,0.182,0,0,0,0,0,0,0,0,0,0,0.182,0,0,0,0,0,0,0,0,0.182,0.182,0,0,0,0.182
670,0,0,0.167,0,0,0,0,0.167,0,0,0,0,0,0,0,0,0,0,0.167,0,0,0,0,0,0,0,0,0.167,0.167,0,0,0,0.167
670,0,0,0.167,0,0,0,0,0.167,0,0,0,0,0,0,0,0,0,0,0.167,0,0,0,0,0,0,0,0,0.167,0.167,0,0,0,0.167
670,0,0,0.167,0,0,0,0,0.167,0,0,0,0,0,0,0,0,0,0,0.167,0,0,0,0,0,0,0,0,0.167,0.167,0,0,0,0.167
670,0,0,0.167,0,0,0,0,0.167,0,0,0,0,0,0,0,0,0,0,0.167,0,0,0,0,0,0,0,0,0.167,0.167,0,0,0,0.167
520,0,0,0,0,0,0,0,0.2,0,0,0,0,0,0,0,0,0,0,0.2,0,0,0,0,0,0,0,0,0.2,0.2,0,0,0,0.2
520,0,0,0,0,0,0,0,0.2,0,0,0,0,0,0,0,0,0,0,0.2,0,0,0,0,0,0,0,0,0.2,0.2,0,0,0,0.2
520,0,0,0,0,0,0,0,0.2,0,0,0,0,0,0,0,0,0,0,0.2,0,0,0,0,0,0,0,0,0.2,0.2,0,0,0,0.2
520,0,0,0,0,0,0,0,0.2,0,0,0,0,0,0,0,0,0,0,0.2,0,0,0,0,0,0,0,0,0.2,0.2,0,0,0,0.2
534,0,0,0.2,0,0,0,0.2,0.2,0,0.2,0,0,0,0,0,0,0,0,0,0,0.2,0,0,0,0,0,0,0,0,0,0,0,0
557.6,0,0,0.192,0,0,0,0.192,0.192,0,0.192,0,0,0,0,0,0,0,0,0,0,0.192,0,0,0,0,0,0,0,0.038,0,0,0,0
591.3,0,0,0.182,0,0,0,0.182,0.182,0,0.182,0,0,0,0,0,0,0,0,0,0,0.182,0,0,0,0,0,0,0,0.091,0,0,0,0
624.8,0,0,0.172,0,0,0,0.172,0.172,0,0.172,0,0,0,0,0,0,0,0,0,0,0.172,0,0,0,0,0,0,0,0.138,0,0,0,0
648.8,0,0,0.167,0,0,0,0.167,0.167,0,0.167,0,0,0,0,0,0,0,0,0,0,0.167,0,0,0,0,0,0,0,0.167,0,0,0,0
340,0,0,0.1,0,0,0,0.25,0.08,0,0.15,0,0,0,0,0,0,0,0,0,0,0.36,0,0,0,0,0,0,0.06,0,0,0,0,0
625,0,0,0.23,0,0,0,0.15,0.23,0.08,0.15,0,0,0,0,0,0,0,0,0,0,0.16,0,0,0,0,0,0,0,0,0,0,0,0
260,0,0,0.08,0,0,0,0.17,0.17,0.08,0.17,0,0,0,0,0,0,0,0,0,0,0.33,0,0,0,0,0,0,0,0,0,0,0,0
230,0,0,0.079,0,0,0,0.178,0.139,0.079,0.168,0,0,0,0,0,0,0.01,0,0,0,0.327,0,0,0,0,0,0,0.01,0,0.01,0,0,0
570,0,0,0.2,0,0,0,0.2,0.2,0,0.2,0,0,0,0,0,0,0,0,0,0,0.2,0,0,0,0,0,0,0,0,0,0,0,0
415,0,0,0.167,0,0,0,0.167,0.167,0.167,0.167,0,0,0,0,0,0,0,0,0,0,0.167,0,0,0,0,0,0,0,0,0,0,0,0
938.7755,0,0,0.2,0,0,0,0,0.2,0.2,0.2,0,0,0,0,0,0,0,0,0,0,0.2,0,0,0,0,0,0,0,0,0,0,0,0
1142.857,0,0,0.2,0,0,0,0,0,0.2,0.2,0,0,0,0,0,0,0,0,0,0,0.2,0,0,0,0,0,0,0.2,0,0,0,0,0
311,1,0,0.1,0,0,0,0,0,0,0,0,0,0,0,0,0,0,0,0.2,0,0,0,0,0,0,0,0.05,0.3,0,0,0,0,0.35
314,1,0,0.1,0,0,0,0,0,0,0,0,0,0,0,0,0,0,0,0.2,0,0,0,0,0,0,0,0,0.3,0.05,0,0,0,0.35
216,0,0,0.2,0,0,0,0.2,0,0,0.2,0,0,0,0,0,0,0,0,0,0,0.2,0,0,0,0,0,0,0.2,0,0,0,0,0
252,0,0,0,0,0,0,0,0,0,0,0,0,0,0,0,0,0,0,0.333,0,0,0,0,0,0,0,0,0.333,0,0,0,0,0.333
330,0,0,0,0,0,0,0,0,0,0,0,0,0,0,0,0,0.091,0,0.303,0,0,0,0,0,0,0,0,0.303,0,0,0,0,0.303
429,0,0,0,0,0,0,0,0,0,0,0,0,0,0,0,0,0.143,0,0.286,0,0,0,0,0,0,0,0,0.286,0,0,0,0,0.286
438,0,0,0,0,0,0,0,0,0,0,0,0,0,0,0,0,0.189,0,0.27,0,0,0,0,0,0,0,0,0.27,0,0,0,0,0.27
455,0,0,0,0,0,0,0,0,0,0,0,0,0,0,0,0,0.25,0,0.25,0,0,0,0,0,0,0,0,0.25,0,0,0,0,0.25
358.5,1,0,0.04,0,0,0,0,0.15,0,0.335,0,0,0,0,0,0.09,0.01,0,0,0,0.335,0,0,0,0,0,0,0.04,0,0,0,0,0
411,1,0,0.04,0,0,0,0,0.15,0,0.335,0,0,0,0,0,0.08,0.02,0,0,0,0.335,0,0,0,0,0,0,0.04,0,0,0,0,0
419,1,0,0.04,0,0,0,0,0.15,0,0.335,0,0,0,0,0,0.07,0.03,0,0,0,0.335,0,0,0,0,0,0,0.04,0,0,0,0,0
439.2,1,0,0.04,0,0,0,0,0.15,0,0.335,0,0,0,0,0,0.06,0.04,0,0,0,0.335,0,0,0,0,0,0,0.04,0,0,0,0,0
566.6,1,0,0.04,0,0,0,0,0.15,0,0.335,0,0,0,0,0,0.05,0.05,0,0,0,0.335,0,0,0,0,0,0,0.04,0,0,0,0,0
221,0,0,0.105,0,0,0,0,0.184,0,0.132,0,0,0,0,0,0,0,0,0,0,0.526,0,0,0,0,0,0,0,0.053,0,0,0,0
413,0,0,0.105,0,0,0,0,0.184,0,0.132,0,0,0,0,0,0,0,0,0,0,0.526,0,0,0,0,0,0,0,0.053,0,0,0,0
714,1,0,0.105,0,0,0,0,0.184,0,0.132,0,0,0,0,0,0,0,0,0,0,0.526,0,0,0,0,0,0,0,0.053,0,0,0,0
155,0,0,0.093,0,0,0,0,0.163,0,0.233,0,0,0,0,0,0,0,0,0,0,0.465,0,0,0,0,0,0,0,0.047,0,0,0,0
414,0,0,0.093,0,0,0,0,0.163,0,0.233,0,0,0,0,0,0,0,0,0,0,0.465,0,0,0,0,0,0,0,0.047,0,0,0,0
594,1,0,0.093,0,0,0,0,0.163,0,0.233,0,0,0,0,0,0,0,0,0,0,0.465,0,0,0,0,0,0,0,0.047,0,0,0,0
137,0,0,0.075,0,0,0,0,0.132,0,0.377,0,0,0,0,0,0,0,0,0,0,0.377,0,0,0,0,0,0,0,0.038,0,0,0,0
331,0,0,0.075,0,0,0,0,0.132,0,0.377,0,0,0,0,0,0,0,0,0,0,0.377,0,0,0,0,0,0,0,0.038,0,0,0,0
462,1,0,0.075,0,0,0,0,0.132,0,0.377,0,0,0,0,0,0,0,0,0,0,0.377,0,0,0,0,0,0,0,0.038,0,0,0,0
138,0,0,0.077,0,0,0,0.308,0,0,0.308,0,0,0,0,0,0,0,0,0,0,0.308,0,0,0,0,0,0,0,0,0,0,0,0
212,0,0,0.143,0,0,0,0.286,0,0,0.286,0,0,0,0,0,0,0,0,0,0,0.286,0,0,0,0,0,0,0,0,0,0,0,0
385,0,0,0.2,0,0,0,0.267,0,0,0.267,0,0,0,0,0,0,0,0,0,0,0.267,0,0,0,0,0,0,0,0,0,0,0,0
456,0,0,0.25,0,0,0,0.25,0,0,0.25,0,0,0,0,0,0,0,0,0,0,0.25,0,0,0,0,0,0,0,0,0,0,0,0
125,0,0,0,0,0,0,0.333,0,0,0.333,0,0,0,0,0,0,0,0,0,0,0.333,0,0,0,0,0,0,0,0,0,0,0,0
149,0,0,0,0,0,0,0.308,0,0,0.308,0,0,0,0,0,0,0,0,0,0,0.308,0,0,0,0.077,0,0,0,0,0,0,0,0
287,1,0,0,0,0,0,0.286,0,0,0.286,0,0,0,0,0,0,0,0,0,0,0.286,0,0,0,0.143,0,0,0,0,0,0,0,0
570,1,0,0,0,0,0,0.267,0,0,0.267,0,0,0,0,0,0,0,0,0,0,0.267,0,0,0,0.2,0,0,0,0,0,0,0,0
110,0,0,0.059,0,0,0,0.235,0.235,0,0.235,0,0,0,0,0,0,0,0,0,0,0.235,0,0,0,0,0,0,0,0,0,0,0,0
131,0,0,0.086,0,0,0,0.229,0.229,0,0.229,0,0,0,0,0,0,0,0,0,0,0.229,0,0,0,0,0,0,0,0,0,0,0,0
159,0,0,0.111,0,0,0,0.222,0.222,0,0.222,0,0,0,0,0,0,0,0,0,0,0.222,0,0,0,0,0,0,0,0,0,0,0,0
388,0,0,0.158,0,0,0,0.211,0.211,0,0.211,0,0,0,0,0,0,0,0,0,0,0.211,0,0,0,0,0,0,0,0,0,0,0,0
538,0,0,0.179,0,0,0,0.205,0.205,0,0.205,0,0,0,0,0,0,0,0,0,0,0.205,0,0,0,0,0,0,0,0,0,0,0,0
487,0,0,0.238,0,0,0,0.19,0.19,0,0.19,0,0,0,0,0,0,0,0,0,0,0.19,0,0,0,0,0,0,0,0,0,0,0,0
484,0,0,0.273,0,0,0,0.182,0.182,0,0.182,0,0,0,0,0,0,0,0,0,0,0.182,0,0,0,0,0,0,0,0,0,0,0,0
509,0,0,0.333,0,0,0,0.167,0.167,0,0.167,0,0,0,0,0,0,0,0,0,0,0.167,0,0,0,0,0,0,0,0,0,0,0,0
484,0,0,0.2,0,0,0,0.2,0.2,0,0.2,0,0,0,0,0,0,0,0,0,0,0.2,0,0,0,0,0,0,0,0,0,0,0,0
116,0,0,0,0,0,0,0.25,0.25,0,0.25,0,0,0,0,0,0,0,0,0,0,0.25,0,0,0,0,0,0,0,0,0,0,0,0
425,1,0,0.1,0,0,0,0.2,0.2,0,0.2,0,0,0,0,0,0,0.1,0,0,0,0.2,0,0,0,0,0,0,0,0,0,0,0,0
655,1,0,0.25,0,0,0,0.167,0.167,0,0.167,0,0,0,0,0,0,0.083,0,0,0,0.167,0,0,0,0,0,0,0,0,0,0,0,0
605,1,0,0.308,0,0,0,0.154,0.154,0,0.154,0,0,0,0,0,0,0.077,0,0,0,0.154,0,0,0,0,0,0,0,0,0,0,0,0
715,1,0,0.182,0,0,0,0.182,0.182,0,0.182,0,0,0,0,0,0,0.091,0,0,0,0.182,0,0,0,0,0,0,0,0,0,0,0,0
210,1,0,0,0,0,0,0.222,0.222,0,0.222,0,0,0,0,0,0,0.111,0,0,0,0.222,0,0,0,0,0,0,0,0,0,0,0,0
643,0,0,0.286,0,0,0,0.143,0.143,0,0.143,0,0,0,0,0,0,0,0,0,0,0.143,0,0,0,0,0,0,0.143,0,0,0,0,0
717,1,0,0.032,0,0,0,0.242,0.161,0,0.161,0,0,0,0,0,0,0,0,0,0,0.242,0,0,0,0,0,0,0.161,0,0,0,0,0
487,0,0,0.035,0,0,0,0.263,0.176,0,0.176,0,0,0,0,0,0,0,0,0,0,0.263,0,0,0,0,0,0,0.088,0,0,0,0,0
654,1,0,0,0,0,0,0.25,0.167,0,0.167,0,0,0,0,0,0,0,0,0,0,0.25,0,0,0,0,0,0,0.167,0,0,0,0,0
509,0,0,0,0,0,0,0.273,0.182,0,0.182,0,0,0,0,0,0,0,0,0,0,0.273,0,0,0,0,0,0,0.091,0,0,0,0,0
624,1,0,0.175,0,0,0,0.075,0.25,0,0.25,0,0,0,0,0,0,0,0,0,0,0.25,0,0,0,0,0,0,0,0,0,0,0,0
402,0,0,0.273,0,0,0,0.182,0.182,0,0.182,0,0,0,0,0,0,0,0,0,0,0.182,0,0,0,0,0,0,0,0,0,0,0,0
487,0,0,0.385,0,0,0,0.154,0.154,0,0.154,0,0,0,0,0,0,0,0,0,0,0.154,0,0,0,0,0,0,0,0,0,0,0,0
432,0,0,0.333,0,0,0,0.167,0.167,0,0.167,0,0,0,0,0,0,0,0,0,0,0.167,0,0,0,0,0,0,0,0,0,0,0,0
506,0,0,0.429,0,0,0,0.143,0.143,0,0.143,0,0,0,0,0,0,0,0,0,0,0.143,0,0,0,0,0,0,0,0,0,0,0,0
395,0,0,0.2,0,0,0,0.2,0.2,0,0.2,0,0,0,0,0,0,0,0,0,0,0.2,0,0,0,0,0,0,0,0,0,0,0,0
342,0,0,0.2,0,0,0,0,0.2,0.2,0.2,0,0,0,0,0,0,0,0,0,0,0.2,0,0,0,0,0,0,0,0,0,0,0,0
286,0,0,0,0,0,0,0.2,0.2,0.2,0.2,0,0,0,0,0,0,0,0,0,0,0.2,0,0,0,0,0,0,0,0,0,0,0,0
296,0,0,0,0,0,0,0,0.2,0.2,0.2,0,0,0,0,0,0.2,0,0,0,0,0.2,0,0,0,0,0,0,0,0,0,0,0,0
263,0,0,0,0,0,0,0,0.2,0.2,0.2,0,0,0,0,0,0,0.2,0,0,0,0.2,0,0,0,0,0,0,0,0,0,0,0,0
569,0,0,0.196,0,0,0,0.196,0.196,0,0.196,0,0,0,0,0,0,0,0,0.02,0,0.196,0,0,0,0,0,0,0,0,0,0,0,0
668,1,0,0.19,0,0,0,0.19,0.19,0,0.19,0,0,0,0,0,0,0,0,0.048,0,0.19,0,0,0,0,0,0,0,0,0,0,0,0
747,1,0,0.182,0,0,0,0.182,0.182,0,0.182,0,0,0,0,0,0,0,0,0.091,0,0.182,0,0,0,0,0,0,0,0,0,0,0,0
270,0,0,0.138,0,0,0,0.172,0.172,0.172,0.172,0,0,0,0,0,0,0,0,0,0,0.172,0,0,0,0,0,0,0,0,0,0,0,0
801,1,0,0.2,0,0,0,0.1,0.2,0,0.2,0,0,0,0,0,0,0.1,0,0,0,0.2,0,0,0,0,0,0,0,0,0,0,0,0
741,1,0,0.167,0,0,0,0.25,0.167,0,0.167,0,0,0,0,0,0,0.083,0,0,0,0.167,0,0,0,0,0,0,0,0,0,0,0,0
586,1,0,0.154,0,0,0,0.308,0.154,0,0.154,0,0,0,0,0,0,0.077,0,0,0,0.154,0,0,0,0,0,0,0,0,0,0,0,0
754,1,0,0.196,0,0,0,0.196,0.196,0,0.118,0,0,0,0,0,0,0.098,0,0,0,0.196,0,0,0,0,0,0,0,0,0,0,0,0
635,1,0,0.167,0,0,0,0.167,0.167,0,0.25,0,0,0,0,0,0,0.083,0,0,0,0.167,0,0,0,0,0,0,0,0,0,0,0,0
639,1,0,0.154,0,0,0,0.154,0.154,0,0.308,0,0,0,0,0,0,0.077,0,0,0,0.154,0,0,0,0,0,0,0,0,0,0,0,0
857,1,0,0.222,0,0,0,0.222,0.222,0,0.222,0,0,0,0,0,0,0.111,0,0,0,0,0,0,0,0,0,0,0,0,0,0,0,0
708,1,0,0.2,0,0,0,0.2,0.2,0,0.2,0,0,0,0,0,0,0.1,0,0,0,0.1,0,0,0,0,0,0,0,0,0,0,0,0
586,1,0,0.167,0,0,0,0.167,0.167,0,0.167,0,0,0,0,0,0,0.083,0,0,0,0.25,0,0,0,0,0,0,0,0,0,0,0,0
395,1,0,0.154,0,0,0,0.154,0.154,0,0.154,0,0,0,0,0,0,0.077,0,0,0,0.308,0,0,0,0,0,0,0,0,0,0,0,0
178,0,0,0.182,0,0,0,0.182,0.182,0,0.182,0,0,0,0,0,0,0,0,0,0,0.182,0,0,0,0,0,0,0.091,0,0,0,0,0
780,0,0,0.125,0,0,0,0.125,0.125,0,0.125,0,0,0,0,0,0,0,0,0,0,0.125,0,0,0,0,0,0,0.125,0.125,0,0,0,0.125
790,0,0,0.143,0,0,0,0.143,0,0,0.143,0,0,0,0,0,0,0,0,0,0,0.143,0,0,0,0,0,0,0.143,0.143,0,0,0,0.143
800,0,0,0.167,0,0,0,0,0,0,0.167,0,0,0,0,0,0,0,0,0,0,0.167,0,0,0,0,0,0,0.167,0.167,0,0,0,0.167
680,0,0,0,0,0,0,0.125,0.125,0.125,0.125,0,0,0,0,0,0,0,0,0,0,0.125,0,0,0,0,0,0,0.125,0.125,0,0,0,0.125
850,0,0,0,0,0,0,0.125,0.125,0,0.125,0,0,0,0,0,0,0.125,0,0,0,0.125,0,0,0,0,0,0,0.125,0.125,0,0,0,0.125
630,0,0,0,0,0,0,0.143,0,0.143,0.143,0,0,0,0,0,0,0,0,0,0,0.143,0,0,0,0,0,0,0.143,0.143,0,0,0,0.143
790,0,0,0,0,0,0,0.143,0,0,0.143,0,0,0,0,0,0,0.143,0,0,0,0.143,0,0,0,0,0,0,0.143,0.143,0,0,0,0.143
590,0,0,0,0,0,0,0,0,0.167,0.167,0,0,0,0,0,0,0,0,0,0,0.167,0,0,0,0,0,0,0.167,0.167,0,0,0,0.167
740,1,0,0,0,0,0,0,0,0,0.167,0,0,0,0,0,0,0.167,0,0,0,0.167,0,0,0,0,0,0,0.167,0.167,0,0,0,0.167
180,0,0,0.02,0,0,0,0.196,0.196,0,0.196,0,0,0,0,0,0.196,0,0,0,0,0.196,0,0,0,0,0,0,0,0,0,0,0,0
171,0,0,0.038,0,0,0,0.192,0.192,0,0.192,0,0,0,0,0,0.192,0,0,0,0,0.192,0,0,0,0,0,0,0,0,0,0,0,0
182,0,0,0.071,0,0,0,0.186,0.186,0,0.186,0,0,0,0,0,0.186,0,0,0,0,0.186,0,0,0,0,0,0,0,0,0,0,0,0
183,0,0,0.079,0,0,0,0.184,0.184,0,0.184,0,0,0,0,0,0.184,0,0,0,0,0.184,0,0,0,0,0,0,0,0,0,0,0,0
220,0,0,0.089,0,0,0,0.182,0.182,0,0.182,0,0,0,0,0,0.182,0,0,0,0,0.182,0,0,0,0,0,0,0,0,0,0,0,0
278,0,0,0.101,0,0,0,0.18,0.18,0,0.18,0,0,0,0,0,0.18,0,0,0,0,0.18,0,0,0,0,0,0,0,0,0,0,0,0
405,0,0,0.11,0,0,0,0.178,0.178,0,0.178,0,0,0,0,0,0.178,0,0,0,0,0.178,0,0,0,0,0,0,0,0,0,0,0,0
486,0,0,0.12,0,0,0,0.176,0.176,0,0.176,0,0,0,0,0,0.176,0,0,0,0,0.176,0,0,0,0,0,0,0,0,0,0,0,0
530,0,0,0.13,0,0,0,0.174,0.174,0,0.174,0,0,0,0,0,0.174,0,0,0,0,0.174,0,0,0,0,0,0,0,0,0,0,0,0
539,0,0,0.139,0,0,0,0.172,0.172,0,0.172,0,0,0,0,0,0.172,0,0,0,0,0.172,0,0,0,0,0,0,0,0,0,0,0,0
533,0,0,0.15,0,0,0,0.17,0.17,0,0.17,0,0,0,0,0,0.17,0,0,0,0,0.17,0,0,0,0,0,0,0,0,0,0,0,0
535,0,0,0.16,0,0,0,0.168,0.168,0,0.168,0,0,0,0,0,0.168,0,0,0,0,0.168,0,0,0,0,0,0,0,0,0,0,0,0
539,0,0,0.2,0,0,0,0.16,0.16,0,0.16,0,0,0,0,0,0.16,0,0,0,0,0.16,0,0,0,0,0,0,0,0,0,0,0,0
176,0,0,0,0,0,0,0.2,0.2,0,0.2,0,0,0,0,0,0.2,0,0,0,0,0.2,0,0,0,0,0,0,0,0,0,0,0,0
135,0,0,0,0,0,0,0.2,0.2,0,0.2,0,0,0,0,0,0.2,0,0,0,0,0.2,0,0,0,0,0,0,0,0,0,0,0,0
151,0,0,0,0,0,0,0.19,0.19,0,0.19,0,0,0,0,0,0.19,0,0,0,0,0.19,0,0,0,0,0,0,0,0.048,0,0,0,0
144,1,0,0,0,0,0,0.19,0.19,0,0.19,0,0,0,0,0,0.19,0,0,0,0,0.19,0,0,0,0,0,0,0,0.048,0,0,0,0
186,0,0,0,0,0,0,0.182,0.182,0,0.182,0,0,0,0,0,0.182,0,0,0,0,0.182,0,0,0,0,0,0,0,0.091,0,0,0,0
275,0,0,0,0,0,0,0.182,0.182,0,0.182,0,0,0,0,0,0.182,0,0,0,0,0.182,0,0,0,0,0,0,0,0.091,0,0,0,0
380,1,0,0,0,0,0,0.174,0.174,0,0.174,0,0,0,0,0,0.174,0,0,0,0,0.174,0,0,0,0,0,0,0,0.13,0,0,0,0
342,1,0,0,0,0,0,0.174,0.174,0,0.174,0,0,0,0,0,0.174,0,0,0,0,0.174,0,0,0,0,0,0,0,0.13,0,0,0,0
636,1,0,0,0,0,0,0.167,0.167,0,0.167,0,0,0,0,0,0.167,0,0,0,0,0.167,0,0,0,0,0,0,0,0.167,0,0,0,0
650,1,0,0,0,0,0,0.167,0.167,0,0.167,0,0,0,0,0,0.167,0,0,0,0,0.167,0,0,0,0,0,0,0,0.167,0,0,0,0
297,0,0,0.07,0,0,0,0,0.233,0,0.349,0,0,0,0,0,0.233,0,0,0,0,0.116,0,0,0,0,0,0,0,0,0,0,0,0
396,0,0,0.111,0,0,0,0,0.222,0,0.333,0,0,0,0,0,0.222,0,0,0,0,0.111,0,0,0,0,0,0,0,0,0,0,0,0
472,1,0,0.25,0,0,0,0,0.25,0,0.25,0,0,0,0,0,0,0,0,0,0,0.25,0,0,0,0,0,0,0,0,0,0,0,0
905,1,0,0.2,0,0,0,0,0.2,0,0.2,0,0,0,0,0,0,0.2,0,0,0,0.2,0,0,0,0,0,0,0,0,0,0,0,0
549,1,0,0.238,0,0,0,0,0.238,0,0.238,0,0,0,0,0,0,0.048,0,0,0,0.238,0,0,0,0,0,0,0,0,0,0,0,0
622,1,0,0.222,0,0,0,0,0.222,0,0.222,0,0,0,0,0,0,0.111,0,0,0,0.222,0,0,0,0,0,0,0,0,0,0,0,0
854,1,0,0.208,0,0,0,0,0.208,0,0.208,0,0,0,0,0,0,0.167,0,0,0,0.208,0,0,0,0,0,0,0,0,0,0,0,0
180,0,0,0.07,0,0,0,0.233,0.233,0.233,0.233,0,0,0,0,0,0,0,0,0,0,0,0,0,0,0,0,0,0,0,0,0,0,0
207,0,0,0.111,0,0,0,0.222,0.222,0.222,0.222,0,0,0,0,0,0,0,0,0,0,0,0,0,0,0,0,0,0,0,0,0,0,0
271,0,0,0.167,0,0,0,0.208,0.208,0.208,0.208,0,0,0,0,0,0,0,0,0,0,0,0,0,0,0,0,0,0,0,0,0,0,0
476,0,0,0.245,0,0,0,0.189,0.189,0.189,0.189,0,0,0,0,0,0,0,0,0,0,0,0,0,0,0,0,0,0,0,0,0,0,0
510,0,0,0.273,0,0,0,0.182,0.182,0.182,0.182,0,0,0,0,0,0,0,0,0,0,0,0,0,0,0,0,0,0,0,0,0,0,0
557,0,0,0.31,0,0,0,0.172,0.172,0.172,0.172,0,0,0,0,0,0,0,0,0,0,0,0,0,0,0,0,0,0,0,0,0,0,0
567,0,0,0.333,0,0,0,0.167,0.167,0.167,0.167,0,0,0,0,0,0,0,0,0,0,0,0,0,0,0,0,0,0,0,0,0,0,0
603,0,0,0.365,0,0,0,0.159,0.159,0.159,0.159,0,0,0,0,0,0,0,0,0,0,0,0,0,0,0,0,0,0,0,0,0,0,0
624,0,0,0.385,0,0,0,0.154,0.154,0.154,0.154,0,0,0,0,0,0,0,0,0,0,0,0,0,0,0,0,0,0,0,0,0,0,0
657,0,0,0.412,0,0,0,0.147,0.147,0.147,0.147,0,0,0,0,0,0,0,0,0,0,0,0,0,0,0,0,0,0,0,0,0,0,0
644,0,0,0.429,0,0,0,0.143,0.143,0.143,0.143,0,0,0,0,0,0,0,0,0,0,0,0,0,0,0,0,0,0,0,0,0,0,0
407,0,0,0.2,0,0,0,0.2,0.2,0.2,0.2,0,0,0,0,0,0,0,0,0,0,0,0,0,0,0,0,0,0,0,0,0,0,0
134,0,0,0,0,0,0,0.25,0.25,0.25,0.25,0,0,0,0,0,0,0,0,0,0,0,0,0,0,0,0,0,0,0,0,0,0,0
172,0,0,0,0,0,0,0.222,0.222,0.111,0.222,0,0,0,0,0,0,0,0,0,0,0.222,0,0,0,0,0,0,0,0,0,0,0,0
415,0,0,0.088,0.035,0,0,0.175,0.175,0.175,0.175,0,0,0,0,0,0,0,0,0,0,0.175,0,0,0,0,0,0,0,0,0,0,0,0
505,0,0,0.082,0.098,0,0,0.164,0.164,0.164,0.164,0,0,0,0,0,0,0,0,0,0,0.164,0,0,0,0,0,0,0,0,0,0,0,0
736,0,0,0.077,0.154,0,0,0.154,0.154,0.154,0.154,0,0,0,0,0,0,0,0,0,0,0.154,0,0,0,0,0,0,0,0,0,0,0,0
300,0,0,0.091,0,0,0,0.182,0.182,0.182,0.182,0,0,0,0,0,0,0,0,0,0,0.182,0,0,0,0,0,0,0,0,0,0,0,0
636,1,0,0.077,0,0,0,0.154,0.154,0.154,0.154,0,0,0,0,0,0,0,0,0,0,0.154,0,0,0,0,0,0,0.154,0,0,0,0,0
272,0,0,0.088,0,0,0,0.175,0.175,0.175,0.175,0,0,0,0,0,0,0,0,0,0,0.175,0,0,0,0,0,0,0.035,0,0,0,0,0
321,0,0,0.085,0,0,0,0.169,0.169,0.169,0.169,0,0,0,0,0,0,0,0,0,0,0.169,0,0,0,0,0,0,0.068,0,0,0,0,0
458,0,0,0.082,0,0,0,0.164,0.164,0.164,0.164,0,0,0,0,0,0,0,0,0,0,0.164,0,0,0,0,0,0,0.098,0,0,0,0,0
590,1,0,0.079,0,0,0,0.159,0.159,0.159,0.159,0,0,0,0,0,0,0,0,0,0,0.159,0,0,0,0,0,0,0.127,0,0,0,0,0
646,1,0,0.075,0,0,0,0.149,0.149,0.149,0.149,0,0,0,0,0,0,0,0,0,0,0.149,0,0,0,0,0,0,0.179,0,0,0,0,0
664,1,0,0.072,0,0,0,0.145,0.145,0.145,0.145,0,0,0,0,0,0,0,0,0,0,0.145,0,0,0,0,0,0,0.203,0,0,0,0,0
657,1,0,0.07,0,0,0,0.141,0.141,0.141,0.141,0,0,0,0,0,0,0,0,0,0,0.141,0,0,0,0,0,0,0.225,0,0,0,0,0
667,1,0,0.069,0,0,0,0.137,0.137,0.137,0.137,0,0,0,0,0,0,0,0,0,0,0.137,0,0,0,0,0,0,0.246,0,0,0,0,0
696,1,0,0.067,0,0,0,0.133,0.133,0.133,0.133,0,0,0,0,0,0,0,0,0,0,0.133,0,0,0,0,0,0,0.267,0,0,0,0,0
204,0,0,0.088,0,0,0,0.175,0.175,0.175,0.175,0,0,0,0,0,0,0,0,0,0,0.175,0,0,0,0,0,0,0,0.035,0,0,0,0
231,0,0,0.085,0,0,0,0.169,0.169,0.169,0.169,0,0,0,0,0,0,0,0,0,0,0.169,0,0,0,0,0,0,0,0.068,0,0,0,0
328,1,0,0.082,0,0,0,0.164,0.164,0.164,0.164,0,0,0,0,0,0,0,0,0,0,0.164,0,0,0,0,0,0,0,0.098,0,0,0,0
447,1,0,0.079,0,0,0,0.159,0.159,0.159,0.159,0,0,0,0,0,0,0,0,0,0,0.159,0,0,0,0,0,0,0,0.127,0,0,0,0
639,1,0,0.077,0,0,0,0.154,0.154,0.154,0.154,0,0,0,0,0,0,0,0,0,0,0.154,0,0,0,0,0,0,0,0.154,0,0,0,0
579,0,0,0.075,0,0,0,0.149,0.149,0.149,0.149,0,0,0,0,0,0,0,0,0,0,0.149,0,0,0,0,0,0,0,0.179,0,0,0,0
577,0,0,0.072,0,0,0,0.145,0.145,0.145,0.145,0,0,0,0,0,0,0,0,0,0,0.145,0,0,0,0,0,0,0,0.203,0,0,0,0
594,0,0,0.07,0,0,0,0.141,0.141,0.141,0.141,0,0,0,0,0,0,0,0,0,0,0.141,0,0,0,0,0,0,0,0.225,0,0,0,0
597,0,0,0.069,0,0,0,0.137,0.137,0.137,0.137,0,0,0,0,0,0,0,0,0,0,0.137,0,0,0,0,0,0,0,0.246,0,0,0,0
587,0,0,0.067,0,0,0,0.133,0.133,0.133,0.133,0,0,0,0,0,0,0,0,0,0,0.133,0,0,0,0,0,0,0,0.267,0,0,0,0
472,0,0,0.167,0,0,0,0.167,0.167,0.167,0.167,0,0,0,0,0,0,0,0,0,0,0.167,0,0,0,0,0,0,0,0,0,0,0,0
578,1,0,0.167,0,0,0,0.167,0,0.167,0.167,0,0,0,0,0,0,0,0,0,0.167,0.167,0,0,0,0,0,0,0,0,0,0,0,0
536,0,0,0.2,0,0,0,0.2,0,0.2,0.2,0,0,0,0,0,0,0,0,0,0,0.2,0,0,0,0,0,0,0,0,0,0,0,0
682,0,0,0.167,0,0,0,0.167,0,0.167,0.167,0,0,0,0,0,0,0,0,0,0,0.167,0,0,0,0.167,0,0,0,0,0,0,0,0
626,0,0,0.167,0,0,0,0.167,0,0.167,0.167,0,0,0,0,0,0,0,0,0,0,0.167,0,0,0,0,0,0,0.167,0,0,0,0,0
472,1,0,0.167,0,0,0,0.167,0,0.167,0.167,0,0,0,0,0,0,0,0,0,0,0.167,0,0,0,0,0,0,0,0,0,0,0,0.167
208,0,0,0,0,0,0,0.2,0,0.2,0.2,0,0,0,0,0,0.2,0,0,0,0,0.2,0,0,0,0,0,0,0,0,0,0,0,0
192,0,0,0,0,0,0,0.199,0,0.199,0.199,0,0,0,0,0,0.199,0,0,0,0,0.199,0,0,0,0,0.006,0,0,0,0,0,0,0
205,1,0,0,0,0,0,0.198,0,0.198,0.198,0,0,0,0,0,0.198,0,0,0,0,0.198,0,0,0,0,0.01,0,0,0,0,0,0,0
219,1,0,0,0,0,0,0.197,0,0.197,0.197,0,0,0,0,0,0.197,0,0,0,0,0.197,0,0,0,0,0.016,0,0,0,0,0,0,0
253,1,0,0,0,0,0,0.196,0,0.196,0.196,0,0,0,0,0,0.196,0,0,0,0,0.196,0,0,0,0,0.02,0,0,0,0,0,0,0
319,1,0,0,0,0,0,0.192,0,0.192,0.192,0,0,0,0,0,0.192,0,0,0,0,0.192,0,0,0,0,0.038,0,0,0,0,0,0,0
495,0,0,0.2,0,0,0,0,0.2,0.2,0.2,0,0,0,0,0,0,0,0,0,0,0.2,0,0,0,0,0,0,0,0,0,0,0,0
496,0,0,0.217,0,0,0,0,0.217,0.217,0.217,0,0,0,0,0,0,0,0,0,0,0.13,0,0,0,0,0,0,0,0,0,0,0,0
486,0,0,0.208,0,0,0,0,0.208,0.208,0.208,0,0,0,0,0,0,0,0,0,0,0.167,0,0,0,0,0,0,0,0,0,0,0,0
407,0,0,0.192,0,0,0,0,0.192,0.192,0.192,0,0,0,0,0,0,0,0,0,0,0.231,0,0,0,0,0,0,0,0,0,0,0,0
367,0,0,0.185,0,0,0,0,0.185,0.185,0.185,0,0,0,0,0,0,0,0,0,0,0.259,0,0,0,0,0,0,0,0,0,0,0,0
286,0,0,0,0,0,0,0.2,0.2,0.2,0.2,0,0,0,0,0,0,0,0,0,0,0.2,0,0,0,0,0,0,0,0,0,0,0,0
516,0,0,0.225,0,0,0,0,0,0.2,0.15,0,0,0,0,0,0,0,0,0,0,0.2,0,0,0,0,0,0,0.225,0,0,0,0,0
516,0,0,0.2,0,0,0,0,0,0.2,0.2,0,0,0,0,0,0,0,0,0,0,0.2,0,0,0,0,0,0,0.2,0,0,0,0,0
537,0,0,0.25,0,0,0,0,0,0.25,0,0,0,0,0,0,0,0,0,0,0,0.25,0,0,0,0,0,0,0.25,0,0,0,0,0
591,0,0,0.2,0,0,0,0,0,0,0,0,0,0,0.2,0.1,0,0,0,0,0,0,0,0,0.2,0,0,0,0.3,0,0,0,0,0
500,0,0,0.06,0,0,0,0,0,0,0,0,0,0,0,0,0,0,0,0.2,0,0,0,0,0,0,0,0.16,0.28,0.04,0,0,0,0.26
490,0,0,0.06,0,0,0,0,0,0,0,0,0,0,0,0,0,0,0,0.2,0,0,0,0,0,0,0,0.2,0.28,0,0,0,0,0.26
500,0,0,0.08,0,0,0,0,0,0,0,0,0,0.12,0,0,0,0,0,0.2,0,0,0,0,0,0,0,0.2,0.2,0,0,0,0,0.2
530,0,0,0.1,0,0,0,0,0,0,0,0,0,0,0,0,0,0,0,0.2,0,0,0,0,0,0,0,0.16,0.3,0.04,0,0,0,0.2
591,1,0,0.2,0,0,0,0,0,0,0,0,0,0,0,0,0,0.1,0,0.2,0,0,0,0,0,0,0,0.1,0.2,0,0,0,0,0.2
408,0,0,0.2,0,0,0,0,0,0,0,0,0,0,0,0,0,0,0,0.3,0,0,0,0,0,0,0,0.1,0.3,0,0,0,0,0.1
353,0,0,0.057,0,0,0,0,0,0,0,0,0,0.189,0,0,0,0,0,0.189,0,0,0,0,0,0,0,0.189,0.189,0,0,0,0,0.189
396,0,0,0.091,0,0,0,0,0,0,0,0,0,0.182,0,0,0,0,0,0.182,0,0,0,0,0,0,0,0.182,0.182,0,0,0,0,0.182
427,0,0,0.13,0,0,0,0,0,0,0,0,0,0.174,0,0,0,0,0,0.174,0,0,0,0,0,0,0,0.174,0.174,0,0,0,0,0.174
441,1,0,0.167,0,0,0,0,0,0,0,0,0,0.167,0,0,0,0,0,0.167,0,0,0,0,0,0,0,0.167,0.167,0,0,0,0,0.167
295,0,0,0,0,0,0,0,0,0,0,0,0,0.2,0,0,0,0,0,0.2,0,0,0,0,0,0,0,0.2,0.2,0,0,0,0,0.2
460,0,0,0.059,0,0,0,0,0,0,0,0,0,0,0,0,0,0.235,0,0.235,0,0,0,0,0,0,0,0,0.235,0.235,0,0,0,0
487,0,0,0.111,0,0,0,0,0,0,0,0,0,0,0,0,0,0.222,0,0.222,0,0,0,0,0,0,0,0,0.222,0.222,0,0,0,0
517,0,0,0.158,0,0,0,0,0,0,0,0,0,0,0,0,0,0.211,0,0.211,0,0,0,0,0,0,0,0,0.211,0.211,0,0,0,0
537,0,0,0.2,0,0,0,0,0,0,0,0,0,0,0,0,0,0.2,0,0.2,0,0,0,0,0,0,0,0,0.2,0.2,0,0,0,0
441,0,0,0,0,0,0,0,0,0,0,0,0,0,0,0,0,0.25,0,0.25,0,0,0,0,0,0,0,0,0.25,0.25,0,0,0,0
448,0,0,0.25,0,0,0,0,0,0,0,0,0,0,0,0,0,0,0,0.25,0,0,0,0,0,0,0,0,0.25,0.25,0,0,0,0
540,1,0,0,0,0,0,0,0.2,0,0,0,0,0,0,0,0,0.1,0,0.2,0,0,0,0,0,0,0,0.1,0.2,0,0,0,0,0.2
482,1,0,0,0,0,0,0,0.2,0,0,0,0,0,0,0,0,0,0,0.2,0,0,0,0,0,0,0,0,0.2,0.2,0,0,0,0.2
418,1,0,0,0,0,0,0,0.25,0,0,0,0,0,0,0,0,0,0,0.25,0,0,0,0,0,0,0,0,0.25,0,0,0,0,0.25
304,0,0,0,0,0,0,0,0,0,0,0,0,0,0,0,0,0,0,0.2,0,0,0,0,0,0,0,0,0.2,0.4,0,0,0,0.2
335,0,0,0,0,0,0,0,0,0,0,0,0,0,0,0,0,0,0,0.25,0,0,0,0,0,0,0,0,0.25,0.25,0,0,0,0.25
395,0,0,0,0,0,0,0,0,0,0,0,0,0.19,0,0,0,0.048,0,0.19,0,0,0,0,0,0,0,0.19,0.19,0,0,0,0,0.19
480,0,0,0,0,0,0,0,0,0,0,0,0,0.182,0,0,0,0.091,0,0.182,0,0,0,0,0,0,0,0.182,0.182,0,0,0,0,0.182
492,0,0,0,0,0,0,0,0,0,0,0,0,0.174,0,0,0,0.13,0,0.174,0,0,0,0,0,0,0,0.174,0.174,0,0,0,0,0.174
505,0,0,0,0,0,0,0,0,0,0,0,0,0.167,0,0,0,0.167,0,0.167,0,0,0,0,0,0,0,0.167,0.167,0,0,0,0,0.167
542,0,0,0,0,0,0,0,0,0,0,0,0,0.2,0,0,0,0.2,0,0,0,0,0,0,0,0,0,0.2,0.2,0,0,0,0,0.2
301,0,0,0,0,0,0,0,0,0,0,0,0,0.125,0,0,0,0,0,0.125,0,0,0,0,0,0,0,0.125,0.375,0,0,0,0,0.25
504,0,0,0,0,0,0,0,0,0,0,0,0,0,0,0,0,0.25,0,0.25,0,0,0,0,0,0,0,0.25,0,0.25,0,0,0,0
536,0,0,0,0,0,0,0,0,0,0,0,0,0,0,0,0,0.2,0,0.2,0,0,0,0,0,0,0,0.2,0,0.2,0.2,0,0,0
454,0,0,0,0,0,0,0,0,0,0,0,0,0,0,0,0,0.25,0,0.25,0,0,0,0,0,0,0,0.25,0,0,0.25,0,0,0
267,1,0,0,0,0,0,0.238,0,0,0.238,0,0,0,0,0,0,0.048,0,0,0,0.238,0,0,0,0,0,0,0,0.238,0,0,0,0
402,1,0,0,0,0,0,0.227,0,0,0.227,0,0,0,0,0,0,0.091,0,0,0,0.227,0,0,0,0,0,0,0,0.227,0,0,0,0
557,1,0,0,0,0,0,0.217,0,0,0.217,0,0,0,0,0,0,0.13,0,0,0,0.217,0,0,0,0,0,0,0,0.217,0,0,0,0
606,1,0,0,0,0,0,0.208,0,0,0.208,0,0,0,0,0,0,0.167,0,0,0,0.208,0,0,0,0,0,0,0,0.208,0,0,0,0
602,1,0,0,0,0,0,0.192,0,0,0.192,0,0,0,0,0,0,0.192,0,0,0,0.231,0,0,0,0,0,0,0,0.192,0,0,0,0
538,1,0,0,0,0,0,0.185,0,0,0.185,0,0,0,0,0,0,0.185,0,0,0,0.259,0,0,0,0,0,0,0,0.185,0,0,0,0
520,1,0,0,0,0,0,0.179,0,0,0.179,0,0,0,0,0,0,0.179,0,0,0,0.286,0,0,0,0,0,0,0,0.179,0,0,0,0
510,1,0,0,0,0,0,0.172,0,0,0.172,0,0,0,0,0,0,0.172,0,0,0,0.31,0,0,0,0,0,0,0,0.172,0,0,0,0
382,1,0,0,0,0,0,0.167,0,0,0.167,0,0,0,0,0,0,0.167,0,0,0,0.333,0,0,0,0,0,0,0,0.167,0,0,0,0
625,1,0,0,0,0,0,0.2,0,0,0.2,0,0,0,0,0,0,0.2,0,0,0,0.2,0,0,0,0,0,0,0,0.2,0,0,0,0
238,0,0,0,0,0,0,0.25,0,0,0.25,0,0,0,0,0,0,0,0,0,0,0.25,0,0,0,0,0,0,0,0.25,0,0,0,0
147,0,0,0,0,0,0,0,0,0.3,0,0,0,0,0,0,0.3,0,0,0,0,0.3,0,0,0,0,0,0,0,0,0,0,0.1,0
109,0,0,0,0,0,0,0,0,0.308,0,0,0,0,0,0,0.308,0,0,0,0,0.308,0,0,0,0,0,0,0,0,0,0,0.077,0
241,1,0,0.036,0,0,0,0,0,0.321,0,0,0,0,0,0,0.321,0,0,0,0,0.321,0,0,0,0,0,0,0,0,0,0,0,0
318,1,0,0,0,0,0,0,0,0.321,0,0,0,0,0,0,0.321,0,0,0,0,0.321,0,0,0,0,0.036,0,0,0,0,0,0,0
166,0,0,0.017,0,0,0,0,0,0.328,0,0,0,0,0,0,0.328,0,0,0,0,0.328,0,0,0,0,0,0,0,0,0,0,0,0
205,1,0,0,0,0,0,0,0,0.328,0,0,0,0,0,0,0.328,0,0,0,0,0.328,0,0,0,0,0.017,0,0,0,0,0,0,0
715,1,0,0,0,0,0,0,0.24,0,0,0,0,0,0,0,0,0,0,0,0,0,0,0,0,0,0,0.24,0.041,0.24,0.24,0,0,0
780,1,0,0,0,0,0,0,0.233,0,0,0,0,0,0,0,0,0,0,0,0,0,0,0,0,0,0,0.233,0.07,0.233,0.233,0,0,0
715,1,0,0,0,0,0,0,0.25,0,0,0,0,0,0,0,0,0,0,0,0,0,0,0,0,0,0,0.25,0,0.25,0.25,0,0,0
442,1,0,0,0,0,0,0,0,0,0,0,0,0.122,0,0,0,0.122,0,0.244,0,0,0,0,0,0.024,0,0,0.244,0,0,0,0,0.244
494,1,0,0,0,0,0,0,0,0,0,0,0,0.116,0,0,0,0.116,0,0.233,0,0,0,0,0,0.07,0,0,0.233,0,0,0,0,0.233
524,1,0,0,0,0,0,0,0,0,0,0,0,0.111,0,0,0,0.111,0,0.222,0,0,0,0,0,0.111,0,0,0.222,0,0,0,0,0.222
580,1,0,0,0,0,0,0,0,0,0,0,0,0.106,0,0,0,0.106,0,0.213,0,0,0,0,0,0.149,0,0,0.213,0,0,0,0,0.213
640,1,0,0,0,0,0,0,0,0,0,0,0,0.102,0,0,0,0.102,0,0.204,0,0,0,0,0,0.184,0,0,0.204,0,0,0,0,0.204
309,0,0,0,0,0,0,0,0,0,0,0,0,0.2,0,0,0,0,0,0.2,0,0,0,0,0,0,0,0.2,0.2,0,0,0,0,0.2
571,0,0,0,0,0,0,0,0,0,0,0,0,0.25,0,0,0,0,0,0.25,0,0,0,0,0,0,0,0.25,0,0,0,0,0,0.25
365,0,0,0,0,0,0,0,0,0,0,0,0,0.25,0,0,0,0,0,0.25,0,0,0,0,0,0,0,0.25,0,0,0,0,0,0.25
478.3,0,0,0,0,0,0,0,0,0,0,0,0,0,0,0,0,0.235,0,0.235,0,0,0,0,0,0,0,0.235,0.059,0,0.235,0,0,0
481.2,0,0,0,0,0,0,0,0,0,0,0,0,0,0,0,0,0.222,0,0.222,0,0,0,0,0,0,0,0.222,0.111,0,0.222,0,0,0
495.6,0,0,0,0,0,0,0,0,0,0,0,0,0,0,0,0,0.211,0,0.211,0,0,0,0,0,0,0,0.211,0.158,0,0.211,0,0,0
507.5,0,0,0,0,0,0,0,0,0,0,0,0,0,0,0,0,0.2,0,0.2,0,0,0,0,0,0,0,0.2,0.2,0,0.2,0,0,0
168,0,0,0.08,0,0,0,0.17,0.17,0.08,0.17,0,0,0,0,0,0,0,0,0,0,0.33,0,0,0,0,0,0,0,0,0,0,0,0
231,0,0,0.08,0,0,0,0.17,0.14,0.08,0.17,0,0,0,0,0,0,0.001,0,0,0,0.349,0,0,0,0,0,0,0.01,0,0.001,0,0,0
178,0,0,0.08,0,0,0,0.17,0.14,0.08,0.17,0,0,0,0,0,0,0.001,0,0,0,0.349,0,0,0,0,0,0,0.01,0,0.001,0,0,0
343,0,0,0.1,0,0,0,0.25,0.08,0,0.15,0,0,0,0,0,0,0,0,0,0,0.36,0,0,0,0,0,0,0.06,0,0,0,0,0
341,0,0,0.1,0,0,0,0.25,0.08,0,0.15,0,0,0,0,0,0,0,0,0,0,0.36,0,0,0,0,0,0,0.06,0,0,0,0,0
427.9,0,0,0,0,0,0,0,0,0,0,0,0,0,0,0,0,0,0,0.25,0,0,0,0,0,0,0,0.25,0.25,0.25,0,0,0,0
511,0,0,0.057,0,0,0,0.189,0.189,0,0.189,0,0,0,0,0,0.189,0,0,0,0,0.189,0,0,0,0,0,0,0,0,0,0,0,0
553,0,0,0.091,0,0,0,0.182,0.182,0,0.182,0,0,0,0,0,0.182,0,0,0,0,0.182,0,0,0,0,0,0,0,0,0,0,0,0
622,0,0,0.123,0,0,0,0.175,0.175,0,0.175,0,0,0,0,0,0.175,0,0,0,0,0.175,0,0,0,0,0,0,0,0,0,0,0,0
684,0,0,0.167,0,0,0,0.167,0.167,0,0.167,0,0,0,0,0,0.167,0,0,0,0,0.167,0,0,0,0,0,0,0,0,0,0,0,0
117,0,0,0.07,0,0,0,0.233,0.233,0,0.233,0,0,0,0,0,0,0,0,0,0,0.233,0,0,0,0,0,0,0,0,0,0,0,0
228,1,0,0.13,0,0,0,0.217,0.217,0,0.217,0,0,0,0,0,0,0,0,0,0,0.217,0,0,0,0,0,0,0,0,0,0,0,0
511,1,0,0.184,0,0,0,0.204,0.204,0,0.204,0,0,0,0,0,0,0,0,0,0,0.204,0,0,0,0,0,0,0,0,0,0,0,0
623,1,0,0.167,0,0,0,0.185,0.185,0,0.185,0,0,0,0,0,0,0,0,0,0,0.185,0,0,0,0,0,0,0.093,0,0,0,0,0
1183,1,0,0.25,0,0,0,0.25,0.25,0,0,0,0,0,0,0,0,0,0,0,0,0.25,0,0,0,0,0,0,0,0,0,0,0,0
1072,1,0,0,0,0,0,0,0.167,0,0,0,0,0,0,0,0,0.167,0,0.167,0,0,0,0,0,0,0,0.167,0,0.167,0.167,0,0,0
704.6,0,0,0,0,0,0,0,0.167,0,0,0,0,0,0,0,0,0.167,0,0.167,0,0,0,0,0,0,0,0.167,0,0.167,0.167,0,0,0
498,0,0,0.231,0,0,0,0.154,0.154,0.154,0.154,0,0,0,0,0,0,0,0,0,0,0.154,0,0,0,0,0,0,0,0,0,0,0,0
699,0,0,0.34,0,0,0,0.17,0.34,0,0.05,0,0,0,0,0,0,0,0,0,0,0.1,0,0,0,0,0,0,0,0,0,0,0,0
728,0,0,0.47,0,0,0,0.14,0.15,0.05,0.13,0,0,0,0,0,0,0,0,0,0,0.06,0,0,0,0,0,0,0,0,0,0,0,0
604,0,0,0.38,0,0,0,0.11,0.06,0.09,0.31,0,0,0,0,0,0,0,0,0,0,0.05,0,0,0,0,0,0,0,0,0,0,0,0
790,0,0,0.36,0,0,0,0.1,0.31,0.06,0.09,0,0,0,0,0,0,0,0,0,0,0.08,0,0,0,0,0,0,0,0,0,0,0,0
806,0,0,0.43,0,0,0,0.17,0.15,0,0.14,0,0,0,0,0,0,0,0,0,0,0.11,0,0,0,0,0,0,0,0,0,0,0,0
811,0,0,0.47,0,0,0,0.12,0.12,0.05,0.13,0,0,0,0,0,0,0,0,0,0,0.11,0,0,0,0,0,0,0,0,0,0,0,0
855,0,0,0.43,0,0,0,0.19,0.19,0,0.11,0,0,0,0,0,0,0,0,0,0,0.08,0,0,0,0,0,0,0,0,0,0,0,0
802,0,0,0.39,0,0,0,0.1,0.31,0.05,0.08,0,0,0,0,0,0,0,0,0,0,0.07,0,0,0,0,0,0,0,0,0,0,0,0
799,0,0,0.47,0,0,0,0.13,0.13,0.05,0.12,0,0,0,0,0,0,0,0,0,0,0.1,0,0,0,0,0,0,0,0,0,0,0,0
857,0,0,0.43,0,0,0,0.2,0.22,0,0.08,0,0,0,0,0,0,0,0,0,0,0.07,0,0,0,0,0,0,0,0,0,0,0,0
855,0,0,0.47,0,0,0,0.14,0.19,0.05,0.1,0,0,0,0,0,0,0,0,0,0,0.05,0,0,0,0,0,0,0,0,0,0,0,0
816,0,0,0.43,0,0,0,0.2,0.19,0,0.09,0,0,0,0,0,0,0,0,0,0,0.09,0,0,0,0,0,0,0,0,0,0,0,0
811,0,0,0.46,0,0,0,0.14,0.23,0.05,0.07,0,0,0,0,0,0,0,0,0,0,0.05,0,0,0,0,0,0,0,0,0,0,0,0
790,0,0,0.44,0,0,0,0.14,0.22,0.05,0.09,0,0,0,0,0,0,0,0,0,0,0.06,0,0,0,0,0,0,0,0,0,0,0,0
855,0,0,0.43,0,0,0,0.19,0.24,0,0.08,0,0,0,0,0,0,0,0,0,0,0.06,0,0,0,0,0,0,0,0,0,0,0,0
856,0,0,0.43,0,0,0,0.18,0.24,0,0.1,0,0,0,0,0,0,0,0,0,0,0.05,0,0,0,0,0,0,0,0,0,0,0,0
859,0,0,0.47,0,0,0,0.14,0.2,0.05,0.09,0,0,0,0,0,0,0,0,0,0,0.05,0,0,0,0,0,0,0,0,0,0,0,0
875,0,0,0.43,0,0,0,0.24,0.22,0,0.05,0,0,0,0,0,0,0,0,0,0,0.06,0,0,0,0,0,0,0,0,0,0,0,0
865,0,0,0.43,0,0,0,0.25,0.22,0,0.05,0,0,0,0,0,0,0,0,0,0,0.05,0,0,0,0,0,0,0,0,0,0,0,0
868,0,0,0.43,0,0,0,0.24,0.23,0,0.05,0,0,0,0,0,0,0,0,0,0,0.05,0,0,0,0,0,0,0,0,0,0,0,0
863,0,0,0.43,0,0,0,0.23,0.21,0,0.08,0,0,0,0,0,0,0,0,0,0,0.05,0,0,0,0,0,0,0,0,0,0,0,0
843,0,0,0.47,0,0,0,0.12,0.2,0.05,0.11,0,0,0,0,0,0,0,0,0,0,0.05,0,0,0,0,0,0,0,0,0,0,0,0
794,0,0,0.43,0,0,0,0.15,0.17,0.05,0.14,0,0,0,0,0,0,0,0,0,0,0.06,0,0,0,0,0,0,0,0,0,0,0,0
783,0,0,0.42,0,0,0,0.1,0.3,0.05,0.07,0,0,0,0,0,0,0,0,0,0,0.06,0,0,0,0,0,0,0,0,0,0,0,0
797,0,0,0.47,0,0,0,0.11,0.22,0.05,0.1,0,0,0,0,0,0,0,0,0,0,0.05,0,0,0,0,0,0,0,0,0,0,0,0
805,0,0,0.47,0,0,0,0.13,0.2,0.05,0.1,0,0,0,0,0,0,0,0,0,0,0.05,0,0,0,0,0,0,0,0,0,0,0,0
699,0,0,0.29,0,0,0,0.22,0.34,0,0.05,0,0,0,0,0,0,0,0,0,0,0.1,0,0,0,0,0,0,0,0,0,0,0,0
749,0,0,0.47,0,0,0,0.07,0.16,0.09,0.16,0,0,0,0,0,0,0,0,0,0,0.05,0,0,0,0,0,0,0,0,0,0,0,0
828,0,0,0.43,0,0,0,0.14,0.21,0.05,0.12,0,0,0,0,0,0,0,0,0,0,0.05,0,0,0,0,0,0,0,0,0,0,0,0
849,0,0,0.47,0,0,0,0.18,0.15,0.05,0.1,0,0,0,0,0,0,0,0,0,0,0.05,0,0,0,0,0,0,0,0,0,0,0,0
883,1,0,0.47,0,0,0,0.2,0.18,0.05,0.05,0,0,0,0,0,0,0,0,0,0,0.05,0,0,0,0,0,0,0,0,0,0,0,0
864,0,0,0.43,0,0,0,0.18,0.2,0,0.12,0,0,0,0,0,0,0,0,0,0,0.07,0,0,0,0,0,0,0,0,0,0,0,0
841,0,0,0.47,0,0,0,0.17,0.16,0.05,0.1,0,0,0,0,0,0,0,0,0,0,0.05,0,0,0,0,0,0,0,0,0,0,0,0
840,0,0,0.46,0,0,0,0.21,0.18,0.05,0.05,0,0,0,0,0,0,0,0,0,0,0.05,0,0,0,0,0,0,0,0,0,0,0,0
882,0,0,0.43,0,0,0,0.22,0.22,0,0.08,0,0,0,0,0,0,0,0,0,0,0.05,0,0,0,0,0,0,0,0,0,0,0,0
883,1,0,0.43,0,0,0,0.22,0.23,0,0.07,0,0,0,0,0,0,0,0,0,0,0.05,0,0,0,0,0,0,0,0,0,0,0,0
828,0,0,0.43,0,0,0,0.2,0.21,0,0.09,0,0,0,0,0,0,0,0,0,0,0.07,0,0,0,0,0,0,0,0,0,0,0,0
848,0,0,0.43,0,0,0,0.22,0.25,0,0.05,0,0,0,0,0,0,0,0,0,0,0.05,0,0,0,0,0,0,0,0,0,0,0,0
878,0,0,0.47,0,0,0,0.19,0.19,0.05,0.05,0,0,0,0,0,0,0,0,0,0,0.05,0,0,0,0,0,0,0,0,0,0,0,0
782,0,0,0.43,0,0,0,0.29,0.18,0,0.05,0,0,0,0,0,0,0,0,0,0,0.05,0,0,0,0,0,0,0,0,0,0,0,0
741,1,0,0,0,0,0,0,0.12,0,0,0,0,0,0,0,0,0.2,0,0.42,0,0,0,0,0,0,0,0.01,0.13,0.12,0,0,0,0
672,1,0,0.25,0,0,0,0.25,0,0,0,0,0,0,0,0,0,0,0,0,0,0.25,0,0,0,0,0,0,0.25,0,0,0,0,0
666,1,0,0.25,0,0,0,0,0,0,0.25,0,0,0,0,0,0,0,0,0,0,0.25,0,0,0,0,0,0,0.25,0,0,0,0,0
667,1,0,0.2,0,0,0,0.2,0,0,0.2,0,0,0,0,0,0,0,0,0,0,0.2,0,0,0,0,0,0,0.2,0,0,0,0,0
434,1,0,0.2,0,0,0,0,0.2,0.2,0.2,0,0,0,0,0,0,0,0,0,0,0.2,0,0,0,0,0,0,0,0,0,0,0,0
473,0,0,0,0,0,0,0,0,0,0,0,0,0,0,0,0,0.286,0,0.286,0,0,0,0.143,0,0,0,0,0,0,0.286,0,0,0
510,1,0,0,0,0.051,0,0,0,0,0,0,0,0,0,0,0,0.256,0,0.256,0,0,0,0.128,0,0,0,0.051,0,0,0.256,0,0,0
558,1,0,0,0,0.093,0,0,0,0,0,0,0,0,0,0,0,0.233,0,0.233,0,0,0,0.116,0,0,0,0.093,0,0,0.233,0,0,0
583,1,0,0,0,0.111,0,0,0,0,0,0,0,0,0,0,0,0.222,0,0.222,0,0,0,0.111,0,0,0,0.111,0,0,0.222,0,0,0
615,1,0,0,0,0.128,0,0,0,0,0,0,0,0,0,0,0,0.213,0,0.213,0,0,0,0.106,0,0,0,0.128,0,0,0.213,0,0,0
605.5,1,0,0.3,0,0,0,0.167,0.167,0,0.167,0,0,0,0,0,0,0,0,0,0,0.167,0,0,0,0,0,0,0.033,0,0,0,0,0
641.7,1,0,0.25,0,0,0,0.167,0.167,0,0.167,0,0,0,0,0,0,0,0,0,0,0.167,0,0,0,0,0,0,0.083,0,0,0,0,0
639.6,1,0,0.2,0,0,0,0.167,0.167,0,0.167,0,0,0,0,0,0,0,0,0,0,0.167,0,0,0,0,0,0,0.133,0,0,0,0,0
856.9,1,0,0.133,0,0,0,0.167,0.167,0,0.167,0,0,0,0,0,0,0,0,0,0,0.167,0,0,0,0,0,0,0.2,0,0,0,0,0
372,0,0,0,0,0,0,0,0,0,0,0,0,0,0,0,0,0,0,0.333,0,0,0,0,0,0,0,0,0.333,0,0,0,0,0.333
244,0,0,0,0,0,0,0.238,0.238,0,0.238,0,0,0,0,0,0,0,0,0,0,0.238,0,0,0,0,0,0,0,0,0.048,0,0,0
357.9,1,0,0,0,0,0,0.222,0.222,0,0.222,0,0,0,0,0,0,0,0,0,0,0.222,0,0,0,0,0,0,0,0,0.111,0,0,0
826,1,0,0,0,0,0,0,0.2,0,0.2,0,0,0,0,0,0,0.2,0,0.2,0,0,0,0,0,0,0,0,0,0.2,0,0,0,0
792,1,0,0,0,0,0,0,0.2,0,0.2,0,0,0,0,0,0,0.2,0,0.2,0,0,0,0,0,0,0,0,0.2,0,0,0,0,0
699,1,0,0,0,0,0,0,0,0,0.2,0,0,0,0,0,0,0.2,0,0.2,0,0,0,0,0,0,0,0,0.2,0.2,0,0,0,0
107,0,0,0.062,0,0,0,0,0.208,0.104,0.208,0,0,0,0,0,0,0,0,0,0,0.417,0,0,0,0,0,0,0,0,0,0,0,0
263,0,0,0,0,0,0,0.233,0.233,0,0.233,0,0,0,0,0,0,0,0,0,0,0.233,0,0,0,0,0,0,0.07,0,0,0,0,0
197,0,0,0,0,0,0,0.116,0.233,0,0.233,0,0,0,0,0,0,0,0,0,0,0.349,0,0,0,0,0,0,0.07,0,0,0,0,0
335,0,0,0,0,0,0,0,0.233,0,0.233,0,0,0,0,0,0,0,0,0,0,0.465,0,0,0,0,0,0,0.07,0,0,0,0,0
338.3,0,0,0,0,0,0,0,0,0,0,0,0,0.111,0,0,0,0,0,0,0,0,0,0,0,0,0,0,0.444,0.222,0,0,0,0.222
332.4,0,0,0,0,0,0,0,0,0,0,0,0,0.105,0,0,0,0,0,0.053,0,0,0,0,0,0,0,0,0.421,0.211,0,0,0,0.211
322.5,0,0,0,0,0,0,0,0,0,0,0,0,0.1,0,0,0,0,0,0.1,0,0,0,0,0,0,0,0,0.4,0.2,0,0,0,0.2
318.9,0,0,0,0,0,0,0,0,0,0,0,0,0.095,0,0,0,0,0,0.143,0,0,0,0,0,0,0,0,0.381,0.19,0,0,0,0.19
310.4,0,0,0,0,0,0,0,0,0,0,0,0,0.091,0,0,0,0,0,0.182,0,0,0,0,0,0,0,0,0.364,0.182,0,0,0,0.182
398,1,0,0,0,0,0,0,0.2,0.2,0.2,0,0,0,0,0,0.2,0,0,0,0,0.2,0,0,0,0,0,0,0,0,0,0,0,0
345,1,0,0,0,0.01,0,0.198,0.198,0,0.198,0,0,0,0,0,0.198,0,0,0,0,0.198,0,0,0,0,0,0,0,0,0,0,0,0
504.5,0,0,0,0,0,0,0,0,0,0,0,0,0,0,0,0,0.25,0,0.25,0,0,0,0,0,0,0,0.25,0,0,0.25,0,0,0
567,1,0,0,0,0,0,0,0,0,0,0,0,0,0,0,0,0.235,0,0.235,0,0,0,0,0,0.059,0,0.235,0,0,0.235,0,0,0
697,1,0,0,0,0,0,0,0,0,0,0,0,0,0,0,0,0.222,0,0.222,0,0,0,0,0,0.111,0,0.222,0,0,0.222,0,0,0
682.6,1,0,0,0,0,0,0,0,0,0,0,0,0,0,0,0,0.211,0,0.211,0,0,0,0,0,0.158,0,0.211,0,0,0.211,0,0,0
457,1,0,0,0,0.019,0,0.192,0.192,0,0.192,0,0,0,0,0,0.192,0,0,0,0,0.192,0,0,0,0,0,0,0.019,0,0,0,0,0
250,0,0,0.111,0,0,0,0.222,0.222,0,0.222,0,0,0,0,0,0,0,0,0,0,0.222,0,0,0,0,0,0,0,0,0,0,0,0
733,0,0,0.333,0,0,0,0.167,0.167,0,0.167,0,0,0,0,0,0,0,0,0,0,0.167,0,0,0,0,0,0,0,0,0,0,0,0
733,0,0,0.125,0,0,0,0.25,0,0,0.25,0,0,0,0,0,0,0,0,0,0,0.25,0,0,0,0,0,0,0.125,0,0,0,0,0
385,1,0,0.088,0,0,0,0.175,0.175,0,0.175,0,0,0,0,0,0.175,0,0,0,0,0.175,0,0,0,0,0,0.035,0,0,0,0,0,0
486,1,0,0.085,0,0,0,0.169,0.169,0,0.169,0,0,0,0,0,0.169,0,0,0,0,0.169,0,0,0,0,0,0.068,0,0,0,0,0,0
570,1,0,0.089,0,0,0,0.163,0.163,0,0.163,0,0,0,0,0,0.163,0,0,0,0,0.163,0,0,0,0,0,0.098,0,0,0,0,0,0
200,0,0,0,0,0,0,0.192,0.192,0,0.192,0,0,0,0,0,0.192,0,0,0,0,0.192,0,0,0,0,0,0.038,0,0,0,0,0,0
290,0,0,0,0,0,0,0.185,0.185,0,0.185,0,0,0,0,0,0.185,0,0,0,0,0.185,0,0,0,0,0,0.074,0,0,0,0,0,0
345,0,0,0,0,0,0,0.179,0.179,0,0.179,0,0,0,0,0,0.179,0,0,0,0,0.179,0,0,0,0,0,0.107,0,0,0,0,0,0
160,0,0,0.07,0,0,0,0.233,0.233,0,0.233,0,0,0,0,0,0,0,0,0,0,0.233,0,0,0,0,0,0,0,0,0,0,0,0
200,0,0,0.068,0,0,0,0.227,0.227,0,0.227,0,0,0,0,0,0,0.023,0,0,0,0.227,0,0,0,0,0,0,0,0,0,0,0,0
142.5,0,0,0,0,0,0,0.049,0.156,0.347,0,0,0,0,0,0,0,0,0,0,0,0.351,0,0,0,0.097,0,0,0,0,0,0,0,0
1084,0,0,0.33,0,0,0,0.33,0.03,0,0,0,0,0,0,0,0,0,0,0.24,0,0,0,0,0,0,0,0,0,0,0.07,0,0,0
1011,0,0,0,0,0,0,0.24,0.22,0,0,0,0,0,0,0,0,0,0,0,0,0.24,0,0,0,0,0,0.12,0.18,0,0,0,0,0
725,0,0,0.36,0,0,0,0.06,0,0,0,0,0,0,0,0,0,0.38,0,0,0,0.11,0,0,0,0,0,0,0,0,0.09,0,0,0
815,0,0,0,0,0,0,0.02,0,0,0,0,0,0,0,0,0,0,0,0.3,0,0.47,0,0,0,0,0,0.12,0.09,0,0,0,0,0
422,0,0,0,0,0,0,0.12,0.21,0,0,0,0,0,0,0,0,0,0,0.21,0,0.02,0,0,0,0,0,0,0.44,0,0,0,0,0
856,0,0,0,0,0,0,0.39,0.19,0,0,0,0,0,0,0,0,0,0,0.09,0,0,0,0,0,0,0,0.01,0.32,0,0,0,0,0
277,0,0,0,0,0,0,0.22,0,0,0,0,0,0,0,0,0,0,0,0.31,0,0,0,0,0,0,0,0.04,0.39,0,0.04,0,0,0
430.9,1,0,0.222,0,0,0,0.222,0,0.222,0.222,0,0,0,0,0,0,0,0,0,0,0.111,0,0,0,0,0,0,0,0,0,0,0,0
420,1,0,0.208,0,0,0,0.208,0,0.208,0.208,0,0,0,0,0,0,0,0,0,0,0.167,0,0,0,0,0,0,0,0,0,0,0,0
323.8,1,0,0.182,0,0,0,0.182,0,0.182,0.182,0,0,0,0,0,0,0,0,0,0,0.273,0,0,0,0,0,0,0,0,0,0,0,0
299.2,1,0,0.167,0,0,0,0.167,0,0.167,0.167,0,0,0,0,0,0,0,0,0,0,0.333,0,0,0,0,0,0,0,0,0,0,0,0
279.6,0,0,0.143,0,0,0,0.143,0,0.143,0.143,0,0,0,0,0,0,0,0,0,0,0.429,0,0,0,0,0,0,0,0,0,0,0,0
353,1,0,0.111,0,0,0,0,0.222,0,0.222,0,0,0,0,0,0.222,0,0,0,0,0.222,0,0,0,0,0,0,0,0,0,0,0,0
361,1,0,0.13,0,0,0,0,0.217,0,0.217,0,0,0,0,0,0.217,0,0,0,0,0.217,0,0,0,0,0,0,0,0,0,0,0,0
375,1,0,0.149,0,0,0,0,0.213,0,0.213,0,0,0,0,0,0.213,0,0,0,0,0.213,0,0,0,0,0,0,0,0,0,0,0,0
386,1,0,0.167,0,0,0,0,0.208,0,0.208,0,0,0,0,0,0.208,0,0,0,0,0.208,0,0,0,0,0,0,0,0,0,0,0,0
130.1,0,0,0,0,0,0,0.294,0.059,0,0.294,0,0,0,0,0,0,0,0,0,0,0.294,0,0,0,0.059,0,0,0,0,0,0,0,0
318.2,0,0,0,0,0,0,0.294,0.059,0,0.294,0,0,0,0,0,0,0,0,0,0,0.294,0,0,0,0.059,0,0,0,0,0,0,0,0
295,0,0,0,0,0,0,0.2,0.2,0,0.2,0,0,0,0,0,0,0,0,0,0,0.2,0.2,0,0,0,0,0,0,0,0,0,0,0
470,1,0,0,0,0,0,0.192,0.192,0,0.192,0,0,0,0,0,0.038,0,0,0,0,0.192,0.192,0,0,0,0,0,0,0,0,0,0,0
380,1,0,0,0,0,0,0.185,0.185,0,0.185,0,0,0,0,0,0.074,0,0,0,0,0.185,0.185,0,0,0,0,0,0,0,0,0,0,0
180,1,0,0,0,0,0,0.179,0.179,0,0.179,0,0,0,0,0,0.107,0,0,0,0,0.179,0.179,0,0,0,0,0,0,0,0,0,0,0
160,1,0,0,0,0,0,0.172,0.172,0,0.172,0,0,0,0,0,0.138,0,0,0,0,0.172,0.172,0,0,0,0,0,0,0,0,0,0,0
362.2,0,0,0,0,0,0,0,0.312,0,0.312,0,0,0,0,0,0,0,0,0,0,0.312,0,0,0,0,0,0,0.062,0,0,0,0,0
510.3,0,0,0,0,0,0,0,0.303,0,0.303,0,0,0,0,0,0,0,0,0,0,0.303,0,0,0,0,0,0,0.091,0,0,0,0,0
600.3,0,0,0,0,0,0,0,0.294,0,0.294,0,0,0,0,0,0,0,0,0,0,0.294,0,0,0,0,0,0,0.118,0,0,0,0,0
709.6,0,0,0,0,0,0,0,0.286,0,0.286,0,0,0,0,0,0,0,0,0,0,0.286,0,0,0,0,0,0,0.143,0,0,0,0,0
718.2,0,0,0,0,0,0,0,0.278,0,0.278,0,0,0,0,0,0,0,0,0,0,0.278,0,0,0,0,0,0,0.167,0,0,0,0,0
633,1,0,0.2,0,0,0,0,0.2,0.2,0.2,0,0,0,0,0,0.2,0,0,0,0,0,0,0,0,0,0,0,0,0,0,0,0,0
680,1,0,0.198,0,0,0,0,0.198,0.198,0.198,0,0,0,0,0,0.198,0,0,0,0,0,0,0,0,0,0,0,0,0,0.01,0,0,0
705,1,0,0.196,0,0,0,0,0.196,0.196,0.196,0,0,0,0,0,0.196,0,0,0,0,0,0,0,0,0,0,0,0,0,0.02,0,0,0
780,1,0,0.182,0,0,0,0,0.182,0.182,0.182,0,0,0,0,0,0.182,0,0,0,0,0,0,0,0,0,0,0,0,0,0.091,0,0,0
296,1,0,0,0,0,0,0.1,0.1,0,0.5,0,0,0,0,0,0.3,0,0,0,0,0,0,0,0,0,0,0,0,0,0,0,0,0
282,1,0,0,0.003,0,0,0.1,0.1,0,0.497,0,0,0,0,0,0.3,0,0,0,0,0,0,0,0,0,0,0,0,0,0,0,0,0
306,1,0,0,0.006,0,0,0.1,0.1,0,0.494,0,0,0,0,0,0.3,0,0,0,0,0,0,0,0,0,0,0,0,0,0,0,0,0
452,1,0,0,0.017,0,0,0.1,0.1,0,0.483,0,0,0,0,0,0.3,0,0,0,0,0,0,0,0,0,0,0,0,0,0,0,0,0
211,1,0,0,0,0,0,0,0,0,0,0,0,0.333,0,0,0,0,0,0,0,0,0,0,0,0,0,0,0.333,0,0,0,0,0.333
233,1,0,0,0,0,0,0,0,0,0,0,0,0.25,0,0,0,0,0,0,0,0,0,0,0.25,0,0,0,0.25,0,0,0,0,0.25
241,1,0,0,0,0,0,0,0,0,0,0,0,0.25,0,0,0,0,0,0,0,0,0,0,0,0,0,0,0.25,0,0,0.25,0,0.25
256,1,0,0,0,0,0,0,0,0,0,0,0,0.2,0,0,0,0,0,0,0,0,0,0,0.2,0,0,0,0.2,0,0,0.2,0,0.2
305.4,0,0,0.18,0,0,0,0.3,0.1,0,0.1,0,0,0,0,0,0,0,0,0,0,0.32,0,0,0,0,0,0,0,0,0,0,0,0
357.3,0,0,0.18,0,0,0,0.3,0.1,0,0.1,0,0,0,0,0,0,0.01,0,0,0,0.31,0,0,0,0,0,0,0,0,0,0,0,0
362.6,0,0,0.18,0,0,0,0.3,0.1,0,0.1,0,0,0,0,0,0,0.02,0,0,0,0.3,0,0,0,0,0,0,0,0,0,0,0,0
359.7,0,0,0.18,0,0,0,0.3,0.1,0,0.1,0,0,0,0,0,0,0.03,0,0,0,0.29,0,0,0,0,0,0,0,0,0,0,0,0
210,1,0,0,0,0,0,0.241,0.241,0,0.241,0,0,0,0,0,0,0.036,0,0,0,0.241,0,0,0,0,0,0,0,0,0,0,0,0
358,0,0,0,0,0,0,0,0,0,0,0,0,0,0,0,0,0,0,0.25,0,0,0,0,0,0,0,0.25,0.25,0,0,0,0,0.25
246,0,0,0,0,0,0,0,0,0,0,0,0,0,0,0,0,0,0,0.333,0,0,0,0,0,0,0,0.333,0.333,0,0,0,0,0
485,1,0,0,0,0,0,0,0,0,0,0,0,0,0,0,0,0,0,0,0,0,0,0,0,0,0,0.333,0.333,0,0,0,0,0.333
294,1,0,0,0,0,0,0,0,0,0,0,0,0,0,0,0,0,0,0.375,0,0,0,0,0,0,0,0.25,0.25,0,0,0,0,0.125
489,1,0,0,0,0,0,0,0,0,0,0,0,0,0,0,0,0,0,0.125,0,0,0,0,0,0,0,0.25,0.25,0,0,0,0,0.375
310,0,0,0.245,0,0,0,0,0,0,0.316,0,0,0,0,0,0.286,0,0,0,0,0.153,0,0,0,0,0,0,0,0,0,0,0,0
330,0,0,0.243,0,0,0,0,0,0,0.314,0,0,0,0,0,0.283,0,0,0,0,0.152,0,0,0,0,0,0,0.008,0,0,0,0,0
500,0,0,0.238,0,0,0,0,0,0,0.307,0,0,0,0,0,0.277,0,0,0,0,0.149,0,0,0,0,0,0,0.03,0,0,0,0,0
340,0,0,0.245,0,0,0,0,0,0,0.316,0,0,0,0,0,0.286,0,0,0,0,0.153,0,0,0,0,0,0,0,0,0,0,0,0
410,0,0,0.243,0,0,0,0,0,0,0.314,0,0,0,0,0,0.283,0,0,0,0,0.152,0,0,0,0,0,0,0.008,0,0,0,0,0
495,0,0,0.238,0,0,0,0,0,0,0.307,0,0,0,0,0,0.277,0,0,0,0,0.149,0,0,0,0,0,0,0.03,0,0,0,0,0
226,0,0,0.111,0,0,0,0,0.222,0.222,0.222,0,0,0,0,0,0,0,0,0,0,0.222,0,0,0,0,0,0,0,0,0,0,0,0
287,0,0,0.111,0,0,0,0,0.222,0.222,0.222,0,0,0,0,0,0,0,0,0,0,0.222,0,0,0,0,0,0,0,0,0,0,0,0
475,0,0,0,0,0.026,0,0.237,0.237,0,0.237,0,0,0,0,0,0,0,0,0,0,0.237,0,0,0,0,0,0,0,0,0.026,0,0,0
531,0,0,0,0,0.088,0,0.206,0.206,0,0.206,0,0,0,0,0,0,0,0,0,0,0.206,0,0,0,0,0,0,0,0,0.088,0,0,0
515,0,0,0.077,0,0,0,0.288,0.192,0,0.192,0,0,0,0,0,0,0,0,0,0,0.192,0,0,0,0,0,0,0.058,0,0,0,0,0
422,1,0,0.25,0,0,0,0,0,0,0,0,0,0,0,0,0,0,0,0.25,0,0,0,0,0,0,0,0,0.25,0,0,0,0,0.25
418,1,0,0.25,0,0,0,0,0,0,0,0,0,0,0,0,0,0,0,0.25,0,0,0,0,0,0,0,0,0.25,0,0,0,0,0.25
539.6,0,0,0.25,0,0,0,0,0,0,0,0,0,0,0,0,0,0,0,0.25,0,0,0,0,0,0,0,0,0.25,0,0,0,0,0.25
335,0,0,0,0,0,0,0,0,0,0,0,0,0,0,0,0,0,0,0.25,0,0,0,0,0,0,0,0,0.25,0.25,0,0,0,0.25
418,0,0,0,0,0,0,0,0.25,0,0,0,0,0,0,0,0,0,0,0.25,0,0,0,0,0,0,0,0,0.25,0,0,0,0,0.25
712,1,0,0.211,0,0,0,0,0.211,0,0.211,0,0,0,0,0,0,0.105,0,0,0,0.211,0,0,0,0,0,0,0.053,0,0,0,0,0
731.9,1,0,0.204,0,0,0,0,0.204,0,0.204,0,0,0,0,0,0,0.102,0,0,0,0.204,0,0,0,0,0,0,0.082,0,0,0,0,0
751.7,1,0,0.2,0,0,0,0,0.2,0,0.2,0,0,0,0,0,0,0.1,0,0,0,0.2,0,0,0,0,0,0,0.1,0,0,0,0,0
756.1,1,0,0.196,0,0,0,0,0.196,0,0.196,0,0,0,0,0,0,0.098,0,0,0,0.196,0,0,0,0,0,0,0.118,0,0,0,0,0
766.2,1,0,0.19,0,0,0,0,0.19,0,0.19,0,0,0,0,0,0,0.095,0,0,0,0.19,0,0,0,0,0,0,0.143,0,0,0,0,0
509,0,0,0.25,0,0,0,0,0,0,0,0,0,0,0,0,0,0.25,0,0.25,0,0,0,0,0,0,0,0,0.25,0,0,0,0,0
539,0,0,0,0,0,0,0,0.25,0,0,0,0,0,0,0,0,0.25,0,0,0,0,0,0,0,0,0,0.25,0.25,0,0,0,0,0
495,0,0,0,0,0,0,0,0.25,0,0,0,0,0,0,0,0,0,0,0.25,0,0,0,0,0,0,0,0.25,0.25,0,0,0,0,0
630,1,0,0,0,0,0,0,0.25,0,0,0,0,0,0,0,0,0,0,0.25,0,0,0,0,0,0,0,0,0.25,0,0.25,0,0,0
630,0,0,0,0,0,0,0,0.25,0,0,0,0,0,0,0,0,0,0,0.25,0,0,0,0,0,0,0,0,0.25,0,0.25,0,0,0
270,0,0,0,0,0,0,0,0,0,0,0,0,0.25,0,0,0,0,0,0.25,0,0,0,0,0,0,0,0.25,0.25,0,0,0,0,0
482,0,0,0,0,0,0,0,0,0,0,0,0,0,0,0,0,0.2,0,0.2,0,0,0,0,0,0,0,0.2,0.2,0,0.2,0,0,0
431,0,0,0,0,0,0,0,0,0,0,0,0,0,0,0,0,0.25,0,0.25,0,0,0,0,0,0,0,0.25,0.25,0,0,0,0,0
